,artist,danceability,energy,
Mask Off,Future,0.833,0.434,
Redbone,Childish Gambino,0.743,0.359,
Xanny Family,Future,0.838,0.412,
Master Of None,Beach House,0.494,0.338,
Parallel Lines,Junior Boys,0.678,0.561,
Sneakinâ€™,Drake,0.804,0.56,
Childs Play,Drake,0.739,0.472,
GyÃ¶ngyhajÃº lÃ¡ny,Omega,0.266,0.348,
I've Seen Footage,Death Grips,0.603,0.944,
Digital Animal,Honey Claws,0.836,0.603,
Subways - In Flagranti Extended Edit,The Avalanches,0.525,0.855,
Donme Dolap - Baris K Edit,Modern Folk ÃœÃ§lÃ¼sÃ¼,0.753,0.748,
Cemalim,Erkin Koray,0.603,0.434,
One Night,Lil Yachty,0.762,0.476,
Oh lala,PNL,0.662,0.603,
Char,Crystal Castles,0.637,0.832,
World In Motion,New Order,0.603,0.955,
One Nation Under a Groove,Funkadelic,0.789,0.659,
Bouncin,Chief Keef,0.713,0.611,
C O O L - Radio Edit,Le Youth,0.735,0.759,
Percolator (Jamie Jones Vault Mix) - mixed,Cajmere,0.854,0.719,
House of Jealous Lovers,The Rapture,0.747,0.74,
Imma Ride,Young Thug,0.854,0.401,
Girlfriend,Ty Segall,0.224,0.925,
If I Gave You My Love,Myron & E,0.512,0.564,
This Ready Flesh,TR/ST,0.781,0.795,
Lose My Mind,A-Trak,0.411,0.684,
Char,Crystal Castles,0.646,0.837,
Look Alive,Rae Sremmurd,0.782,0.572,
Please Stop Making Fake Versace,Father,0.735,0.4,
Milly Rock,2milly,0.45,0.449,
BlasÃ© (feat. Future & Rae Sremmurd),Ty Dolla $ign,0.897,0.642,
Best Friend,Young Thug,0.959,0.598,
Hercules,Young Thug,0.742,0.559,
Who Be Lovin Me (feat. ILOVEMAKONNEN),Santigold,0.805,0.687,
Check,Young Thug,0.667,0.581,
Poppin' My Collar,Three 6 Mafia,0.722,0.823,
Jumpman,Drake,0.853,0.547,
11-Jul,BeyoncÃ©,0.747,0.705,
Somebody's Watching Me,Rockwell,0.777,0.591,
Bang That,Disclosure,0.731,0.852,
I Don't Sell Molly No More,ILoveMakonnen,0.76,0.402,
Versace Python,Riff Raff,0.624,0.792,
Monster,Kanye West,0.621,0.683,
OOOUUU,Young M.A.,0.64,0.819,
Return Of The Mack - C & J Street Mix,Mark Morrison,0.715,0.833,
Fantastic Man,William Onyeabor,0.7,0.756,
Right Place Wrong Time,Dr. John,0.789,0.494,
Azon de ma gnin kpevi,T. P. Orchestre Poly-Rythmo,0.796,0.86,
Odofo Nyi Akyiri Biara,Ebo Taylor,0.716,0.957,
Annie,Neon Indian,0.74,0.846,
The Chase,Future Islands,0.7,0.84,
Coming Home,Leon Bridges,0.514,0.453,
Wishes,Beach House,0.313,0.77,
White Iverson,Post Malone,0.676,0.528,
I Know There's Gonna Be (Good Times),Jamie xx,0.532,0.596,
Loud Places,Jamie xx,0.646,0.629,
L$D,A$AP Rocky,0.598,0.252,
Dopeman,Vince Staples,0.754,0.442,
California Nights,Best Coast,0.294,0.786,
Baby,Ariel Pink's Haunted Graffiti,0.622,0.253,
Ain't No Love In The Heart Of The City - Single Version,"Bobby ""Blue"" Bland",0.559,0.656,
Fail to Cry,Yacht Club,0.54,0.945,
Evil Friends (feat. Danny Brown) - Jake One Remix,Portugal. The Man,0.793,0.7,
Ikimiz Bir Fidaniz - Baris K Edit,Umit Aksu Orkestrasi,0.549,0.715,
Sentimental Trash,Sweet Valley,0.557,0.607,
Get Away,CHVRCHES,0.597,0.444,
Look At Wrist,Father,0.879,0.512,
Our Love,Caribou,0.726,0.497,
I Ain't Trippin off Nothin,Ezale,0.857,0.831,
They Don't Know - Original Mix,Disciples,0.807,0.778,
Sabali,Amadou & Mariam,0.596,0.639,
Spooky,Dusty Springfield,0.683,0.708,
Pick Up The Pieces,Average White Band,0.768,0.853,
Have Love Will Travel,The Sonics,0.506,0.948,
Capitol,TR/ST,0.457,0.918,
Uncast Shadow Of A Southern Myth,Parquet Courts,0.468,0.58,
I Shall Be Released - Remastered,Nina Simone,0.537,0.447,
Words I Don't Remember,How To Dress Well,0.515,0.217,
To The Top,Twin Shadow,0.429,0.725,
Them Changes (feat. Flying Lotus & Kamasi Washington),Thundercat,0.791,0.58,
Aquafina (feat. GoldLink & Chaz French),Falcons,0.711,0.705,
Hot Blur,How Sad,0.683,0.824,
Summer Madness,Kool & The Gang,0.309,0.325,
The Payback,James Brown,0.867,0.733,
I'm In Love,Fool's Gold,0.619,0.734,
I Need You Tonight,Punkin Machine,0.898,0.5,
Everybody Likes Something Good,Ify Jerry Crusade,0.589,0.745,
Dadje Von O Von Non,Gnonnas PÃ©dro,0.606,0.668,
Sugah Daddy,D'Angelo,0.786,0.547,
International Players Anthem,Swishahouse,0.734,0.548,
Swerve,ILoveMakonnen,0.812,0.676,
Look At Wrist,Father,0.876,0.606,
Let It Happen,Tame Impala,0.601,0.873,
My Way (feat. Monty),Fetty Wap,0.748,0.741,
Walk,Kwabs,0.615,0.814,
The Magnificent Seven - Remastered,The Clash,0.799,0.789,
NOBO,Tijuana Panthers,0.398,0.776,
The Gaudy Side of Town,Gayngs,0.685,0.423,
U Mad,Vic Mensa,0.706,0.581,
Slumlord,Neon Indian,0.63,0.98,
Leave A Trace,CHVRCHES,0.57,0.736,
Willing & Able,Disclosure,0.525,0.643,
White Girl,Shy Glizzy,0.698,0.793,
Maneuvering,ILoveMakonnen,0.763,0.773,
Be My Baby,The Ronettes,0.511,0.769,
Why Don't They Let Us Fall in Love,The Ronettes,0.506,0.813,
Will You Love Me Tomorrow,The Shirelles,0.513,0.494,
One Fine Day,The Chiffons,0.251,0.868,
He's So Fine - 2000 Digital Remaster,The Chiffons,0.559,0.633,
Then He Kissed Me,The Crystals,0.431,0.678,
It's My Party,Lesley Gore,0.683,0.71,
Please Mr. Postman,The Marvelettes,0.78,0.599,
Fiesta - Remix,Bomba EstÃ©reo,0.614,0.907,
Queen's Speech 4,Lady Leshurr,0.661,0.531,
I Know There's Gonna Be (Good Times),Jamie xx,0.564,0.594,
With That (feat. Duke),Young Thug,0.751,0.597,
Hotline Bling,Drake,0.896,0.623,
679 (feat. Remy Boyz),Fetty Wap,0.618,0.717,
Trap Queen,Fetty Wap,0.746,0.873,
No Type,Rae Sremmurd,0.888,0.483,
Chasing Heaven,Bassnectar,0.443,0.645,
Speakerbox (feat. Lafa Taylor),Bassnectar,0.507,0.934,
Movin' Bass - GTA Remix,Rick Ross,0.695,0.912,
Danger and Dread,Brown Bird,0.462,0.449,
Midnight City,M83,0.526,0.712,
Water No Get Enemy - Edit,Fela Kuti,0.645,0.924,
Pyramids,Frank Ocean,0.405,0.647,
Hercules Theme,Hercules & Love Affair,0.735,0.641,
Rewind,Kelela,0.746,0.416,
My Sub (Pt. 2: The Jackin') - Album Version (Edited),Big K.R.I.T.,0.547,0.643,
Kush,Lil Wayne,0.634,0.609,
9,Willow,0.607,0.488,
Magnets,Disclosure,0.704,0.647,
Don't Move,Phantogram,0.558,0.642,
Pussy,Brazilian Girls,0.698,0.804,
Black Mags,The Cool Kids,0.772,0.582,
Stay Fly - Explicit Album Version,Three 6 Mafia,0.788,0.864,
Sippin On Some Syrup,Three 6 Mafia,0.944,0.839,
Poppin' My Collar - feat. Project Pat - Explicit,Three 6 Mafia,0.729,0.795,
Sittin' Sidewayz - feat. Big Pokey Explicit,Paul Wall,0.721,0.621,
Gold and a Pager,The Cool Kids,0.798,0.751,
Smell Yo D*ck,Riskay,0.851,0.387,
Don'Â€Â™t Wanna Lose,Ex Hex,0.34,0.805,
Endless Rhythm,Baio,0.767,0.891,
Demon,Shamir,0.772,0.635,
Nothing Ever Happened,Deerhunter,0.259,0.847,
Oh My Darling Don't Meow (Just Blaze Remix),Run The Jewels,0.633,0.77,
River,Ibeyi,0.654,0.292,
The Buzz (feat. Mataya & Young Tapz),Hermitude,0.726,0.583,
All Day,Kanye West,0.855,0.638,
Blood On the Money,Future,0.704,0.431,
River,Leon Bridges,0.658,0.179,
Trust Me Danny,ILoveMakonnen,0.502,0.833,
Big Rings,Drake,0.79,0.676,
Annie,Neon Indian,0.738,0.849,
Acamar,Frankey,0.777,0.739,
Alright,Kendrick Lamar,0.791,0.779,
Know Yourself,Drake,0.735,0.41,
Deicide,Crystal Castles,0.556,0.582,
Coming Home,Leon Bridges,0.427,0.465,
Hercules Theme 2014,Hercules & Love Affair,0.563,0.81,
Forever,Majid Jordan,0.753,0.708,
Next to You,Poolside,0.785,0.764,
Papi Pacify,FKA twigs,0.557,0.608,
Magnolia,Young & Sick,0.594,0.42,
Dark Matter,Feathers,0.644,0.758,
Callie (feat. Vic Mensa),Donnie Trumpet,0.704,0.657,
Wu-Tang Forever,Drake,0.849,0.408,
Fame (2007 Remastered),David Bowie,0.628,0.568,
We Dem Boyz,Wiz Khalifa,0.717,0.862,
Ego Free Sex Free,Autre Ne Veut,0.584,0.68,
Her Fantasy,Matthew Dear,0.586,0.806,
Little People (Black City),Matthew Dear,0.648,0.85,
Confess To Me,Disclosure,0.807,0.785,
Let Me Show You Love,Cut Copy,0.577,0.941,
New Slaves,Kanye West,0.5,0.593,
Sexy Socialite,Chromeo,0.804,0.708,
Okay,Holy Ghost!,0.787,0.658,
Weight,Mikal Cronin,0.246,0.784,
When A Fire Starts To Burn,Disclosure,0.882,0.743,
When A Fire Starts To Burn - Midland Remix,Disclosure,0.628,0.824,
Fake Tales Of San Francisco,Arctic Monkeys,0.451,0.79,
Billie Holiday,Warpaint,0.518,0.385,
Goody Two Shoes,Duck Sauce,0.774,0.901,
The Wire,HAIM,0.547,0.635,
Awake,Tycho,0.552,0.878,
Man I Need,Jagwar Ma,0.542,0.946,
N.O. Bounce,Big Freedia,0.695,0.94,
Now Is Not The Time,CHVRCHES,0.633,0.492,
No Rest For The Wicked,Lykke Li,0.312,0.445,
Holdin On,Flume,0.43,0.436,
Rocking Chair,The Districts,0.19,0.908,
Marriage,Gold Panda,0.312,0.907,
Ride On / Right On,Phosphorescent,0.539,0.582,
GodLovesUgly,Atmosphere,0.698,0.878,
New York City,Christopher Owens,0.476,0.818,
Moving to the Left,Woods,0.568,0.936,
All These Things That I've Done,The Killers,0.558,0.74,
Junk of the Heart (Happy),The Kooks,0.604,0.894,
When The Night Falls - feat. Solange Knowles,Chromeo,0.718,0.921,
Mercy,Kanye West,0.737,0.545,
Don't You Evah,Spoon,0.769,0.712,
We Exist,Arcade Fire,0.567,0.506,
Le Goudron (Edit),YACHT,0.817,0.588,
Double Bubble Trouble,M.I.A.,0.767,0.912,
Careless,Dusky,0.77,0.895,
Look at You,George McCrae,0.712,0.77,
How Did I Get Here,ODESZA,0.706,0.577,
Black Out Days,Phantogram,0.542,0.799,
Bang! Bang!,Joe Cuba,0.583,0.776,
Every 1's A Winner - Single Version,Hot Chocolate,0.727,0.548,
Unbound,Cathedrals,0.45,0.782,
Operate,ASTR,0.602,0.764,
Blood On The Leaves,Kanye West,0.415,0.681,
Come Save Me,Jagwar Ma,0.614,0.838,
Hannah Montana,Migos,0.901,0.744,
High School Lover,Cayucas,0.7,0.986,
They Come in Gold,Shabazz Palaces,0.583,0.843,
Tides of Neptune,Virgo,0.6,0.586,
Cocaine Model,ZHU,0.786,0.706,
Light House,Future Islands,0.512,0.821,
Pass The Dutchie,Musical Youth,0.791,0.664,
Words I Don't Remember,How To Dress Well,0.533,0.213,
I Would Die 4 U,Prince,0.731,0.75,
Bless My Soul,Nightmares On Wax,0.853,0.532,
Heaven And Hell Is On Earth,20th Century Steel Band,0.674,0.501,
Upper Echelon,Travis Scott,0.788,0.617,
Flying High (Part 1),Cloud One,0.745,0.857,
Go,Grimes,0.621,0.796,
Spill The Wine,Eric Burdon,0.818,0.528,
Got To Give It Up (Part 1),Marvin Gaye,0.856,0.874,
Never Gonna Give You Up,Barry White,0.614,0.857,
Sanctified,Rick Ross,0.729,0.527,
It #1,Ty Segall,0.42,0.776,
Dangerous (feat. Joywave),Big Data,0.757,0.578,
Counting,Autre Ne Veut,0.618,0.538,
You're the Best,Wet,0.657,0.393,
Estrelar,Marcos Valle,0.879,0.495,
Hold On We're Going Home,ASTR,0.496,0.54,
Uncle ACE,Blood Orange,0.742,0.945,
San Francisco,Foxygen,0.623,0.65,
Stay High - Habits Remix,Tove Lo,0.736,0.68,
Crosstown Traffic,Jimi Hendrix,0.482,0.96,
Ziggy Starfish (Anxiety Raps) [feat. Gold Panda],Open Mike Eagle,0.683,0.86,
Marijuana,Chrome Sparks,0.697,0.655,
Crown Violet - Bonus Track,Azizi Gibson,0.631,0.626,
Glad I Met You,D. Gookin,0.747,0.722,
Dancing In The Rain,Blu,0.569,0.74,
You Know I'm No Good - Ghostface UK Version,Amy Winehouse,0.674,0.832,
Kill V. Maim,Grimes,0.578,0.947,
Life Round Here,James Blake,0.586,0.658,
Sitting Pretty (feat. Wiz Khalifa),Ty Dolla $ign,0.756,0.44,
"Glyde 2nyte (feat. Leon Sylvers III, Leon Sylvers IV)",DÃ¢m-Funk,0.723,0.687,
Clouds Over the Pacific,James Pants,0.599,0.645,
Distant Land,Madlib,0.586,0.671,
Flashlight,Parliament,0.749,0.802,
Can You Get To That,Funkadelic,0.689,0.83,
Better,Banks,0.283,0.331,
Pony,Pretty Sister,0.413,0.676,
WTF (Where They From) [feat. Pharrell Williams],Missy Elliott,0.932,0.819,
Again,Fetty Wap,0.748,0.733,
Exchange,Bryson Tiller,0.53,0.433,
Sugar for the Queen,Bells Atlas,0.388,0.688,
Symphony of the Nymph,Ariel Pink's Haunted Graffiti,0.371,0.703,
Cool It Now,New Edition,0.875,0.532,
Jumpin' Jack Flash,Ananda Shankar,0.523,0.722,
River,Ibeyi,0.654,0.292,
You Know You Like It - Bondax Remix,AlunaGeorge,0.847,0.654,
Batuque (Jeremy Sole & Atropolis Remix),Dom La Nena,0.836,0.537,
Mykonos (feat. Fleet Foxes),Rhythms Del Mundo,0.413,0.555,
So Destroyed (channeling Rage Peace),Prince Rama,0.473,0.865,
Bitch,Allie X,0.609,0.641,
Locket,Kilo Kish,0.544,0.427,
Apathy,Shlohmo,0.379,0.674,
It All Feels Right,Washed Out,0.316,0.748,
Last Chance to Dance,Ekkah,0.857,0.484,
The Righteous One,The Orwells,0.389,0.884,
The New International Sound,GENER8ION,0.519,0.793,
Like Lust,MOVEMENT,0.478,0.6,
Rhythm of Devotion,Sisyphus,0.706,0.643,
Zion Gate Dub,King Tubby,0.736,0.539,
Enjoy The Silence - Remastered Version Original,Depeche Mode,0.651,0.77,
Fried Neck Bones And Some Home Fries - Dan The Automator Remix,Willie Bobo,0.869,0.658,
Archangel,Burial,0.624,0.852,
"Lone Wolf and Cub (feat. Herbie Hancock, Flying Lotus, Miguel Atwood-Ferguson & Mono/poly)",Thundercat,0.386,0.509,
Skyscraper,Elephant,0.234,0.747,
I Want You - Single Version,Marvin Gaye,0.525,0.797,
"The New International Sound, Pt. 2 (feat. M.I.A.)",GENER8ION,0.521,0.888,
Suede (feat. Anderson Paak & Knxwledge),NxWorries,0.719,0.697,
Bam Bam,Sister Nancy,0.722,0.605,
Alright,Logic,0.806,0.696,
Rainy Streets,Blue In Green,0.763,0.491,
Hazelton Trump,OB OBrien,0.736,0.68,
Free Stress Test,Professor Murder,0.651,0.824,
I'm Ya Dogg,Snoop Dogg,0.479,0.609,
Hot Dreams,Timber Timbre,0.535,0.374,
The Hills,The Weeknd,0.356,0.567,
"When They Fight, They Fight",Generationals,0.753,0.9,
The River,Son Little,0.694,0.789,
Rill Rill,Sleigh Bells,0.483,0.804,
Awake,SantÃ©,0.878,0.43,
Johnny Was,Bob Marley & The Wailers,0.703,0.412,
Monster Mash,"Bobby ""Boris"" Pickett",0.688,0.488,
Night on Bald Mountain,Modest Mussorgsky,0.316,0.308,
Feel The Volume,Jauz,0.725,0.918,
Water Me (feat. Leon Ware),Theophilus London,0.749,0.422,
Kathy Lee,Jessy Lanza,0.771,0.248,
Love Buzz,Shocking Blue,0.69,0.548,
Beautiful Life (feat. Action Bronson & Joey Bada$$),Statik Selektah,0.648,0.887,
Auditorium,Mos Def,0.403,0.742,
Disco Devil,"Lee ""Scratch"" Perry",0.664,0.727,
Frontier Psychiatrist,The Avalanches,0.704,0.894,
Had Ten Dollaz,Cherry Glazerr,0.554,0.749,
Sometimes,Heems,0.446,0.752,
VHS Sex,Com Truise,0.612,0.628,
Ambling Alp,Yeasayer,0.587,0.866,
All Day And All Of The Night,The Kinks,0.551,0.952,
Strychnine,The Sonics,0.331,0.957,
Who Is He (And What Is He to You?),Bill Withers,0.912,0.317,
Acamar,Frankey,0.697,0.905,
It Looks Like Love,Goody Goody,0.883,0.333,
Freak Connection - Edit,Cerrone,0.733,0.87,
"I'll Be Good - 12"" Mix",Rene & Angela,0.803,0.579,
Here I Come (Broader Than Broadway),Barrington Levy,0.698,0.515,
Swords,M.I.A.,0.677,0.905,
Hands On The Wheel,ScHoolboy Q,0.648,0.862,
Kush High,Eighty4 Fly,0.65,0.448,
MÃ©tele,Buscabulla,0.672,0.527,
What I Might Do,Ben Pearce,0.838,0.537,
Atomic Bomb,William Onyeabor,0.76,0.391,
World Restart,Kindness,0.646,0.621,
Swingin' Party,Kindness,0.808,0.687,
Antidote,Travis Scott,0.716,0.647,
Pieces,Tanlines,0.846,0.501,
Zombie,Fela Kuti,0.704,0.942,
Time-Out,Terror Train,0.305,0.827,
Let's Lovedance Tonight - Danny Krivit Re-edit - Dk Re-Edit,Gary's Gang,0.82,0.616,
I'm a Dildo,No Parents,0.185,0.89,
Do It (High School Dropout),Tayyib Ali,0.562,0.801,
Cadillac Girl,Only Real,0.565,0.86,
Today,Tom Scott,0.464,0.772,
"The Buzz (feat. Big K.R.I.T., Mataya & Young Tapz) - Bonus Track",Hermitude,0.576,0.602,
I Choose You,Willie Hutch,0.388,0.598,
The Way Youâ€™d Love Her,Mac Demarco,0.637,0.498,
Shooting Stars,Bag Raiders,0.636,0.72,
Bloom - Lane 8 Remix,ODESZA,0.688,0.587,
Pacifier,Young Thug,0.766,0.82,
Powerful,Major Lazer,0.402,0.794,
Unbreakable,Janet Jackson,0.599,0.524,
It's Strange (feat. K.Flay),Louis The Child,0.837,0.492,
Make Them Gold,CHVRCHES,0.612,0.858,
Don't Mean A Thing,Lapalux,0.63,0.671,
White Lies - The Soundmen Remix,Max Frost,0.614,0.858,
Sophia So Far,Goodnight Radio,0.446,0.89,
Nimble Girl,Hotel Eden,0.481,0.851,
Grinder,Gary Clark Jr.,0.293,0.792,
Choices (Yup),E-40,0.889,0.597,
Two Brothers,Hanni El Khatib,0.673,0.857,
Walkabout (W/ Noah Lennox),Atlas Sound,0.536,0.922,
Ferus Gallery,Allah-Las,0.575,0.691,
Everybody Loves The Sunshine,Roy Ayers Ubiquity,0.571,0.719,
Number One,Tuxedo,0.784,0.803,
Sick Beat,Kero Kero Bonito,0.746,0.682,
She a Go (feat. Spinn & Taso),DJ Rashad,0.444,0.498,
Lost You,Zeds Dead,0.736,0.882,
Norf Norf,Vince Staples,0.915,0.54,
Eleven 11: / 11,Rob Curly,0.75,0.835,
Buffalo,Toro y Moi,0.632,0.519,
Talk About,Les Sins,0.814,0.83,
Probably Nu It,Tree,0.893,0.378,
Mamacita,Travis Scott,0.823,0.768,
Star,Gary Clark Jr.,0.639,0.749,
Gooey,Glass Animals,0.49,0.376,
Walk On By - Single Version,Isaac Hayes,0.289,0.523,
Omen - Radio Edit,Disclosure,0.615,0.781,
Champagne Coast,Blood Orange,0.808,0.41,
Running Back To You,The Juan Maclean,0.775,0.528,
BKNY,Fat Tony,0.393,0.838,
Pains,Silk Rhodes,0.449,0.416,
Night Drive,Part Time,0.595,0.549,
"Flex (Ooh, Ooh, Ooh)",Rich Homie Quan,0.728,0.62,
Indian Food,Dumbo Gets Mad,0.561,0.896,
Childs Play (feat. Chance the Rapper),SZA,0.758,0.343,
Lets Start the Dance,Bohannon,0.782,0.938,
Rollerskate,Matias Aguayo,0.839,0.48,
Outro,M83,0.226,0.261,
Grindinâ€™ My Whole Life,HS87,0.763,0.623,
Slyd,!!!,0.858,0.717,
The Moment,Tame Impala,0.329,0.814,
R.I.C.O. (feat. Drake),Meek Mill,0.727,0.599,
Black And White,Parquet Courts,0.318,0.975,
Never Never Gonna Give Ya Up,Barry White,0.61,0.791,
Wait & See,Holy Ghost!,0.646,0.892,
Wait for a Minute,tUnE-yArDs,0.79,0.616,
5ft7,Tonstartssbandht,0.484,0.492,
200 Press,James Blake,0.785,0.573,
Huarache Lights,Hot Chip,0.715,0.64,
Leave House,Caribou,0.811,0.635,
"Sweet Power, Your Embrace",James Mason,0.597,0.721,
Hunger Of The Pine,alt-J,0.6,0.413,
Money Money,Horace Andy,0.811,0.461,
Symptom - Original Mix,Deapmash,0.797,0.961,
I'll Do a Little Bit More,The Olympics,0.799,0.657,
Who Is He And What Is He To You,Creative Source,0.769,0.514,
Bustin' Loose,Chuck Brown and the Soul Searchers,0.865,0.896,
I Wish,Stevie Wonder,0.826,0.751,
Baby,Donnie & Joe Emerson,0.508,0.325,
More Bounce To The Ounce,Zapp,0.85,0.818,
Outlaw,War,0.819,0.684,
Walking Into Sunshine,Central Line,0.896,0.482,
Pyramids,Frank Ocean,0.401,0.661,
Lazuli,Beach House,0.346,0.808,
Oblivion,Grimes,0.697,0.529,
Obedear,Purity Ring,0.605,0.732,
Flutes,Hot Chip,0.691,0.71,
Club Rez,Girl Unit,0.428,0.74,
Cry Like A Ghost,Passion Pit,0.555,0.612,
Chained,The xx,0.732,0.468,
Disparate Youth,Santigold,0.633,0.926,
Cheap Beer,FIDLAR,0.284,0.961,
Swimming Pools (Drank) - Extended Version,Kendrick Lamar,0.68,0.489,
Origins,Tennis,0.578,0.825,
Affection,Crystal Castles,0.658,0.835,
Comeback Kid,Sleigh Bells,0.385,0.902,
Losing You,Solange,0.735,0.798,
Grown Up,Danny Brown,0.635,0.766,
"It's Not My Fault, I'm Happy",Passion Pit,0.569,0.857,
How Deep Is Your Love?,The Rapture,0.469,0.823,
Are you... Can you... Were you? (Felt),Shabazz Palaces,0.502,0.632,
Second Song,TV On The Radio,0.597,0.798,
Mornin',Star Slinger,0.673,0.764,
Before,Washed Out,0.507,0.739,
Midnight City,M83,0.517,0.491,
Lonely Boy,The Black Keys,0.356,0.872,
Caffeinated Consciousness,TV On The Radio,0.563,0.924,
Wild Window,Fool's Gold,0.567,0.876,
Polish Girl,Neon Indian,0.633,0.884,
Calgary,Bon Iver,0.445,0.461,
Civilization,Justice,0.575,0.625,
Headlines,Drake,0.662,0.571,
Michael Jackson,Das Racist,0.573,0.946,
Need You Now,Cut Copy,0.605,0.755,
Abducted,Cults,0.374,0.937,
Gucci Gucci,Kreayshawn,0.714,0.924,
Eyes Be Closed,Washed Out,0.207,0.878,
Echoes,Washed Out,0.589,0.938,
The Daily Mail,Radiohead,0.36,0.362,
Civilization,Justice,0.516,0.66,
Punch Drunk Love,Teams vs. Star Slinger,0.579,0.767,
Principles,Benoit & Sergio,0.845,0.59,
Slow Peels,Com Truise,0.568,0.662,
Dead Wrong,Hanni El Khatib,0.716,0.724,
Do It Roger,Zapp,0.791,0.729,
Pharaohs (feat. Roses Gabor),SBTRKT,0.795,0.578,
No Fun,The Stooges,0.584,0.761,
Computer Love,Zapp,0.679,0.709,
Dutchie Courage,Star Slinger,0.646,0.947,
Osaka Loop Line,Discovery,0.704,0.49,
White Horse,Laid Back,0.812,0.554,
Abataka - Original Mix,Ida Engberg,0.76,0.971,
Danger! High Voltage (Soulchild Radio Mix),Electric Six,0.657,0.699,
Say Please,Teams vs. Star Slinger,0.731,0.812,
You Don't Love Me (No No No),Dawn Penn,0.805,0.596,
The Yes Strut,Teams vs. Star Slinger,0.718,0.844,
86 Carrot Gold,Teams vs. Star Slinger,0.597,0.746,
Close to Me,Teams vs. Star Slinger,0.698,0.923,
How Do You See Me Now,Zdar,0.823,0.811,
See Me Now,Cassius,0.819,0.777,
Every Freakin' - DJ Ayres remix,DJ Eleven,0.671,0.781,
Dance Our Way,DJ Eleven,0.872,0.565,
Flashing Lights,DJ Ayres,0.85,0.664,
The Daily Mail,Radiohead,0.36,0.362,
Bizness,tUnE-yArDs,0.76,0.76,
Long Heels Red Bottoms,Trina,0.874,0.492,
I Wanna Be Your Dog,The Stooges,0.527,0.871,
Jealousy,Martin Solveig,0.767,0.712,
Embody,Sebastian,0.328,0.827,
Love In Motion - feat. Mayer Hawthorne,Sebastian,0.702,0.773,
Save the World,Swedish House Mafia,0.654,0.734,
Myth,Beach House,0.448,0.733,
Ready 2 Go,Martin Solveig,0.542,0.854,
We Are Young - The Popopopops Remix,Juveniles,0.469,0.821,
Bop Gun (One Nation) - Radio Edit,Ice Cube,0.857,0.889,
La Funky,Destructo feat. Oliver,0.796,0.774,
In My Mind (Axwell Remix),Ivan Gough & Feenixpawl feat. Georgi Kay,0.67,0.897,
On'n'On - Ruined by Rick Rubin,Justice,0.697,0.68,
Don't Die,Killer Mike,0.352,0.807,
Van Vogue,Azealia Banks,0.687,0.799,
How Do You Do?,Hot Chip,0.666,0.811,
Night And Day,Hot Chip,0.764,0.768,
Don't Deny Your Heart,Hot Chip,0.677,0.86,
Focused - feat. Kid Cudi,Wale,0.735,0.801,
Neptune,Lemonade,0.286,0.694,
"Function - feat. YG, IAmSu & Problem",E-40,0.881,0.564,
Didn't You,Cloud Nothings,0.246,0.843,
Search Party,Small Black,0.515,0.876,
Mi Swing es Tropical,Nickodemus,0.816,0.894,
Stock Exchange,Miss Kittin,0.715,0.518,
Changes,Crazy P,0.829,0.637,
Play This (Also),J Rocc,0.444,0.978,
Obedear,Purity Ring,0.612,0.725,
Slow Down,Poolside,0.7,0.718,
I Don't Like,Chief Keef,0.754,0.877,
Sleeping Ute,Grizzly Bear,0.327,0.654,
Hands On the Wheel (feat. a$Ap Rocky),ScHoolboy Q,0.646,0.778,
The Kids Were Wrong,Memoryhouse,0.486,0.526,
Walk With Me,Memoryhouse,0.551,0.504,
Her Fantasy,Matthew Dear,0.586,0.806,
Der Kommissar,After The Fire,0.694,0.716,
Slow Down,Clyde Carson,0.817,0.528,
Genesis,Grimes,0.611,0.677,
About to Die,Dirty Projectors,0.727,0.657,
Best Night,The War On Drugs,0.485,0.793,
Brothers,The War On Drugs,0.52,0.872,
We Own The Sky,M83,0.399,0.761,
Chicken Half,Sugarman Three,0.582,0.903,
Two Of Hearts,Stacey Q,0.852,0.523,
The Perfect Kiss,New Order,0.623,0.806,
Can I Kick It?,A Tribe Called Quest,0.844,0.688,
Sure Thing,Miguel,0.684,0.603,
Kim & Jessie,M83,0.498,0.553,
Outro,M83,0.162,0.254,
We Are the People,Empire of the Sun,0.671,0.784,
Look At Where We Are,Hot Chip,0.792,0.387,
Don't Owe You a Thang,Gary Clark Jr.,0.417,0.944,
Money Trees,Kendrick Lamar,0.739,0.526,
Hood Pass Intact feat. MC Eiht,DÃ¢m-Funk,0.791,0.916,
Got No Money,FIDLAR,0.491,0.935,
Birthday Song,2 Chainz,0.748,0.586,
Oh,FIDLAR,0.351,0.931,
No Waves,FIDLAR,0.48,0.964,
Wake Bake Skate,FIDLAR,0.123,0.963,
No Ass,FIDLAR,0.401,0.972,
Black Out Stout,FIDLAR,0.228,0.886,
Plague,Crystal Castles,0.465,0.633,
Kerosene,Crystal Castles,0.438,0.539,
Wrath Of God,Crystal Castles,0.396,0.601,
Pale Flesh,Crystal Castles,0.596,0.628,
Past Lives,DIIV,0.276,0.766,
Pictures Of Matchstick Men,Status Quo,0.241,0.588,
Get Up,Craig Bratley,0.821,0.902,
Cloud Atlas End Title,Tom Tykwer,0.354,0.228,
Keep You,Wild Belle,0.638,0.897,
Anything New,Bibio,0.651,0.642,
Adorn,Miguel,0.625,0.576,
Louie Louie,Toots & The Maytals,0.759,0.772,
Under Mi Sensi,Barrington Levy,0.726,0.664,
Loner,Burial,0.611,0.9,
Murderer,Barrington Levy,0.865,0.549,
Space Cakes - Original,Tanner Ross,0.794,0.481,
"There, There",Radiohead,0.614,0.677,
Nightcall,Kavinsky,0.535,0.857,
Jacket & Tie,Toyan,0.815,0.672,
Doom And Gloom - Jeff Bhasker Mix,The Rolling Stones,0.595,0.794,
All Of Me,Tanlines,0.683,0.698,
Females Welcomed (feat. Reija Lee),Trinidad James,0.722,0.619,
Blueberry (Pills & Cocaine) (feat. Danny Brown),Darq E Freaker,0.647,0.841,
Max Can't Surf,FIDLAR,0.428,0.972,
Wait for the Man,FIDLAR,0.325,0.918,
Inspector Norse,Todd Terje,0.912,0.781,
Love Sosa,Chief Keef,0.771,0.416,
This Time Around,Softwar,0.759,0.764,
See Blind Through,Canyons,0.691,0.737,
Vowels = space and time,Grimes,0.701,0.822,
Be A Body,Grimes,0.736,0.58,
Unchained (The Payback / Untouchable),James Brown,0.564,0.912,
Stomp - Dirty,5kinAndBone5,0.824,0.513,
Borrowed Time,Parquet Courts,0.406,0.74,
Young N*****,Gucci Mane,0.762,0.883,
All Gold Everything,Trinidad James,0.54,0.77,
What I Might Do - Club Mix,Ben Pearce,0.834,0.481,
I Love It (feat. Charli XCX) - Original Version,Icona Pop,0.714,0.905,
Kenosha,Swearin',0.36,0.774,
Fineshrine,Purity Ring,0.609,0.798,
Flow,Disclosure,0.777,0.688,
C'Est La Vie,Booba,0.749,0.647,
Caramel,Booba,0.67,0.544,
O.G,Booba,0.684,0.637,
HLM 3,Lunatic,0.633,0.85,
The Mighty Ming - Original Club Mix,Funkagenda,0.594,0.77,
Harlem Shake,Baauer,0.473,0.794,
Purp Walk,Lunice,0.931,0.606,
Do You Like It? (Feat. Kool A.D),Chaz Van Queen,0.744,0.685,
Gucci On The Rise,Gucci Mane,0.752,0.783,
Hate Bein' Sober,Chief Keef,0.821,0.469,
Traffic,Lil Reese,0.908,0.513,
Hold Me Back,Rick Ross,0.636,0.702,
Oldie,Odd Future,0.839,0.583,
Started From the Bottom,Drake,0.79,0.531,
Dum Dum,Baauer,0.787,0.81,
Higher - Extended,Just Blaze and Baauer,0.603,0.978,
"Gone, Gone",Juicy J,0.937,0.67,
Rock Creek Park,The Blackbyrds,0.748,0.703,
Leaving Babylon,Bad Brains,0.727,0.235,
Trap Shit V7,UZ,0.857,0.948,
Good Life - Original 12'' Mix,Inner City,0.793,0.978,
Big Fun - Original 12'' Mix,Inner City,0.738,0.808,
Piss Test (feat. Juicy J & Dany Brown),A-Trak,0.864,0.86,
Can't Seem To Make You Mine,Sky Saxon & The Seeds,0.688,0.457,
Borderline,Classixx,0.786,0.525,
Elevate - Q45 Remix,Toni Toni Lee,0.734,0.686,
With You (feat. Alexis Taylor),Carte Blanche (feat. Alexis Taylor),0.765,0.891,
Can't Shake This Feeling,Grum,0.725,0.798,
Check Me Out Like,Blaqstarr,0.962,0.592,
Second Summer,YACHT,0.845,0.455,
Demon To Lean On,Wavves,0.5,0.95,
Walk In The Park,Beach House,0.648,0.547,
Reckless (With Your Love),Azari & III,0.77,0.69,
Reckless (With Your Love) - Tensnake Remix,Azari & III,0.61,0.907,
Never Be Your Woman (Shy FX Radio Edit) [feat. Emeli SandÃ©],Wiley,0.663,0.877,
(Bonus) Break Her Down,Iamsu!,0.831,0.373,
Molly Ringwald,Danny Brown,0.653,0.817,
8 Feet Tall,Problem,0.72,0.748,
36 Chamber Flow,Flatbush Zombies,0.808,0.593,
Trill Hoe,Western Tink,0.798,0.481,
Saturday Love,Toro y Moi,0.586,0.915,
Sweater Weather,The Neighbourhood,0.695,0.615,
Oh My - Club Mix,The Partysquad,0.587,0.784,
Saltkin,Purity Ring,0.675,0.862,
Lofticries,Purity Ring,0.671,0.73,
Get It In,Iamsu!,0.632,0.793,
My Bad - Club Mix,The Partysquad,0.774,0.92,
I'm Different,2 Chainz,0.941,0.685,
Get Lucky - Radio Edit,Daft Punk,0.794,0.811,
Had A Dream,EMP DASME,0.805,0.634,
Recover,CHVRCHES,0.394,0.669,
Now Is Not the Time,CHVRCHES,0.635,0.459,
MDA,Problem,0.669,0.765,
Pop That,French Montana,0.742,0.912,
Young & Gettin' It - feat. Kirko Bangz,Meek Mill,0.624,0.752,
Best Wishes,Iamsu!,0.622,0.628,
Kids,Iamsu!,0.719,0.66,
Levitate,Paper Diamond,0.525,0.8,
Get Free (feat. Amber of Dirty Projectors),Major Lazer,0.525,0.538,
Balance,Future Islands,0.472,0.855,
The Lion - Original Mix,The Partysquad,0.9,0.929,
For Your Love - Club Edit,The Partysquad,0.802,0.586,
For Your Love - Olav Basoski Remix,The Partysquad,0.723,0.669,
Slippinâ€™,Quadron,0.797,0.508,
Take You On,Peaches,0.869,0.426,
One of Those Nights,Juicy J,0.756,0.595,
Get Lucky - Daft Punk Remix,Daft Punk,0.821,0.793,
No Way Back,Adonis,0.806,0.772,
Ride The Rhythm,On The House featuring Marshall Jefferson,0.702,0.504,
Move Your Body - Extended Mix,Benny Benassi,0.646,0.929,
Rockin' In The Free World,Neil Young,0.491,0.883,
Feels Like We Only Go Backwards,Tame Impala,0.291,0.901,
Half Full Glass of Wine,Tame Impala,0.683,0.776,
"Bubble Butt [Radio Mix] [feat. Bruno Mars, 2 Chainz, Tyga & Mystic]",Major Lazer,0.799,0.605,
Wop (Official Version),J. Dash,0.836,0.817,
Donâ€™t Drop That Thun Thun,Finatticz,0.931,0.415,
Give It Away,Red Hot Chili Peppers,0.683,0.989,
Wakin on a Pretty Day,Kurt Vile,0.379,0.782,
Hulk (Dillon Francis Remix),Clockwork,0.771,0.949,
Dill the Noise,Dillon Francis and Kill The Noise,0.695,0.792,
Dead Sound,The Raveonettes,0.375,0.804,
Rvtchet Bitch,Brillz & Teddy Tuxedo,0.421,0.8,
Swing,Savage,0.886,0.474,
You & Me - Baauer Remix,Disclosure,0.65,0.985,
Next Order,Dog Blood,0.76,0.944,
It's You,Duck Sauce,0.824,0.883,
m.A.A.d city,Kendrick Lamar,0.482,0.72,
Bounce It,Juicy J,0.786,0.604,
Pu$$y Magnet (feat. Keayshawn),Roach Gigz,0.853,0.578,
Fashion Killa,A$AP Rocky,0.794,0.82,
I Wanna Be With You,DJ Khaled,0.725,0.661,
Gas Pedal (feat. IamSu),Sage The Gemini,0.854,0.46,
Red Nose,Sage The Gemini,0.862,0.364,
"U.O.E.N.O. Remix (feat. Future, Wiz Khalifa)",Rocko,0.432,0.703,
VERSACE,Flap Jack,0.847,0.713,
Strictly 4 My Jeeps,Action Bronson,0.654,0.794,
The Giver - Original Mix,Duke Dumont,0.701,0.914,
Lean & Bounce,Duke Dumont,0.844,0.728,
Swishas and Dosha - Main Version - Clean,UGK,0.582,0.884,
Players Anthem,UGK,0.697,0.682,
"Hold On, We're Going Home",Drake,0.766,0.453,
Living,2 Chainz,0.872,0.541,
Taylor Gang - Bonus Track,Wiz Khalifa,0.621,0.813,
I'm A Martian,Brian Pumper,0.675,0.617,
The Drop,Bro Safari,0.689,0.879,
Drippin,MiM0SA,0.63,0.664,
Heaven,TR/ST,0.514,0.75,
I Need You,Glass Figure,0.599,0.677,
From Nowhere,Dan Croll,0.64,0.888,
I Follow Rivers,Lykke Li,0.599,0.533,
L'Amour Parfait,Yelle,0.667,0.901,
Northern Lights,Kate Boy,0.742,0.77,
Shabba,A$AP Ferg,0.874,0.704,
Work,A$AP Ferg,0.726,0.834,
Work REMIX,A$AP Ferg,0.834,0.732,
The Way We Are,Kate Boy,0.712,0.865,
"U.O.E.N.O. (feat. Rick Ross, Future)",Rocko,0.422,0.641,
Now You Do,A-1,0.651,0.773,
Holding On - Jerome LOL Remix,Classixx,0.728,0.77,
Music Is the Answer - Original Extended 12-Inch Mix,Celeda,0.907,0.643,
Test Me - UZ Remix,Flosstradamus & DJ Sliink,0.855,0.898,
Test Me,Flosstradamus & DJ Sliink,0.769,0.792,
No New Friends - SFTB Remix,DJ Khaled,0.7,0.675,
R.I.P.,Jeezy,0.825,0.489,
Baby Blue,Badfinger,0.607,0.913,
Dip,Danny Brown,0.751,0.882,
25 Bucks [feat. Purity Ring],Danny Brown,0.723,0.848,
Fascism,Sam Sparro,0.626,0.888,
Marc Jacobs,Riff Raff,0.743,0.633,
One Of Us - Original Mix,Iron Galaxy & Sexlife,0.752,0.767,
Can We Go Up?,Paper Diamond,0.66,0.763,
This Lonely Morning,Best Coast,0.211,0.963,
Time Has Come Today,The Chambers Brothers,0.528,0.514,
Sad Eyes,Crystal Castles,0.442,0.797,
Wearing My Rolex - Radio Edit,Wiley,0.876,0.716,
Need U (100%) [feat. A*M*E] [Radio Edit],Duke Dumont,0.67,0.848,
Stoned and Starving,Parquet Courts,0.237,0.89,
Reflektor,Arcade Fire,0.59,0.721,
Jack,Breach,0.907,0.616,
Tennis Court,Lorde,0.764,0.547,
Primetime (feat. Miguel),Janelle MonÃ¡e,0.667,0.465,
"Hold On, We're Going Home",Drake,0.772,0.407,
Hannah Hunt,Vampire Weekend,0.345,0.313,
Latch,Disclosure,0.502,0.732,
Play by Play,Autre Ne Veut,0.35,0.844,
I Blame Myself,Sky Ferreira,0.69,0.737,
Sunday,Earl Sweatshirt,0.716,0.568,
Step,Vampire Weekend,0.624,0.724,
You're Not Good Enough,Blood Orange,0.74,0.798,
Strandbar (disko),Todd Terje,0.81,0.949,
Open,Rhye,0.574,0.324,
Falling,HAIM,0.741,0.894,
White Noise,Disclosure,0.667,0.848,
Bumpy Road,Destruction Unit,0.122,0.913,
Shabba,A$AP Ferg,0.869,0.712,
Work REMIX,A$AP Ferg,0.841,0.733,
Dope,Tyga,0.816,0.543,
Here Comes The Night Time II,Arcade Fire,0.288,0.394,
Warm In The Winter,Glass Candy,0.57,0.742,
Don't Let It Get to Your Head,Black Harmony,0.807,0.634,
We Fall Down,ASTR,0.656,0.787,
R U With Me,ASTR,0.333,0.789,
Blue Hawaii,ASTR,0.652,0.744,
Razor,ASTR,0.771,0.857,
Stay,Rihanna,0.619,0.324,
The Sound Of San Francisco - Progressive Album Mix,Global Deejays,0.701,0.829,
Sunshine Of Your Love,Cream,0.683,0.478,
Somebody to Love,Jefferson Airplane,0.507,0.63,
San Francisco (Be Sure to Wear Flowers In Your Hair) - Single Version,Scott McKenzie,0.529,0.645,
White Rabbit,Jefferson Airplane,0.561,0.329,
Pleasure Power (DJ Smash Disco Remix),Afrolicious,0.827,0.462,
Bound 2,Kanye West,0.359,0.662,
Drunk in Love,BeyoncÃ©,0.589,0.621,
Viol - Original Mix,Gesaffelstein,0.597,0.839,
Good Mistake,Mr Little Jeans,0.677,0.64,
Runaway,Mr Little Jeans,0.556,0.722,
Fall In Love,Phantogram,0.348,0.856,
Youâ€™re Not The One,Sky Ferreira,0.468,0.971,
Sacrilege,Yeah Yeah Yeahs,0.529,0.95,
Collard Greens,ScHoolboy Q,0.824,0.572,
Hell Of A Night,ScHoolboy Q,0.645,0.836,
1977,Ana Tijoux,0.683,0.692,
Latino & Proud,DJ Raff,0.85,0.534,
Move That Dope,Future,0.868,0.627,
Slasherr,Rustie,0.702,0.74,
Outlines,AlunaGeorge,0.741,0.449,
Platoon,Jungle,0.655,0.704,
Man Of The Year,ScHoolboy Q,0.749,0.857,
Spacer Woman - Vocal,Charlie,0.742,0.965,
Nobody Else - Original Mix,Dusky,0.805,0.79,
Stoner,Young Thug,0.876,0.675,
Elevate,St. Lucia,0.541,0.982,
Independent - House Remix,Hoodfellas,0.857,0.981,
Au Seve,Julio Bashmore,0.771,0.963,
Synchronize,Discodeine,0.761,0.478,
Don't Miss,The Alexanders,0.805,0.879,
Coucou disco,Dim Sum,0.682,0.953,
Vowel Play - Original,Them Jeans,0.801,0.718,
The Devil Is A Lie,Rick Ross,0.661,0.837,
North North,Project Pat,0.895,0.783,
Temporary View,SBTRKT,0.706,0.707,
"III. Telegraph Ave. (""Oakland"" by Lloyd)",Childish Gambino,0.516,0.718,
Accelerate,Jungle,0.653,0.781,
0 To 100 / The Catch Up,Drake,0.707,0.709,
Hot N*gga,Bobby Shmurda,0.794,0.51,
You'll Never Walk Alone - 2002 Remastered Version,Gerry & The Pacemakers,0.484,0.265,
Your Soul,Hippie Sabotage,0.487,0.68,
dance yrself clean - live at madison square garden,LCD Soundsystem,0.6,0.811,
Running Up That Hill (A Deal With God),Kate Bush,0.628,0.575,
High Ball Stepper,Jack White,0.227,0.635,
The Great Gig In The Sky - 2011 Remastered Version,Pink Floyd,0.275,0.216,
All We Need (feat. Shy Girls),ODESZA,0.644,0.848,
Catamaran,Allah-Las,0.564,0.846,
Fool,Perfume Genius,0.277,0.29,
Bulbform,TR/ST,0.609,0.909,
Passing Out Pieces,Mac Demarco,0.417,0.73,
Tuesday,ILoveMakonnen,0.784,0.649,
Drop Dead Baby,Ty Segall,0.289,0.942,
My Sunshine,Ty Segall,0.313,0.893,
BIG Fun - Full Intention 88 Remix,Inner City,0.803,0.769,
Natty Dread A Weh She Want,Horace Andy,0.895,0.517,
DLZ,TV On The Radio,0.598,0.885,
Whatcha Gonna Do,Koopsta Knicca,0.749,0.855,
18 With A Bullet,Pete Wingfield,0.758,0.629,
The Boss,James Brown,0.746,0.484,
Drifting In And Out,Porcelain Raft,0.191,0.979,
Made Me,Snootie Wild,0.856,0.719,
Way to be Loved,TOPS,0.583,0.515,
Just Wanna Love You Girl,Epsilons,0.22,0.94,
Be Brave,The Strange Boys,0.535,0.91,
Tupelo (Pt. 1) - Single Version,Albert King,0.722,0.28,
Candyman,Cornershop,0.747,0.894,
Somebody Was Watching,Pops Staples,0.63,0.374,
Tupelo - Part 1,Pop Staples,0.508,0.247,
Tupelo,Steve Cropper,0.54,0.21,
"Damn Son, Where'd You Find This? - Future of TRAP Mix",Trendsetter,0.665,0.513,
I'm in LOVE With GO-GO Dancer (Disco Diva) - Future of TRAP Mix,Trendsetter,0.51,0.603,
Damn Son Where'd You Find This? (feat. Kelly Holiday) - Markus Maximus Remix,Markus Maximus,0.665,0.513,
Work - The Advent & Spiriakos Remix,ZZT,0.647,0.793,
Mannish Boy,Muddy Waters,0.649,0.406,
Holding On,Disclosure,0.683,0.805,
"Mozart: Requiem in D Minor, K. 626: VIII. Lacrimosa",Nikolaus Harnoncourt,0.148,0.031,
My Main,Mykfresh,0.873,0.504,
Southern Man - Live,"Crosby, Stills, Nash & Young",0.376,0.801,
Won't Look Back,Duke Dumont,0.523,0.863,
Chrome Knight - Feat. Chromeo,Surkin,0.586,0.892,
Black Boy,Pops Staples,0.827,0.503,
Give Me The Sunshine,Leo's Sunshipp,0.589,0.616,
Motherless Child,Romare,0.702,0.495,
Giudecca,Ghost Culture,0.582,0.875,
Living Every Dream,Antwon,0.374,0.853,
Easy Rider,Action Bronson,0.422,0.851,
Nissim,The Gaslamp Killer,0.474,0.837,
Topless,Orlando Julius,0.61,0.672,
Breakthrough,The Funkees,0.571,0.836,
Stand Up - Tiger & Woods Remix,Pitchben,0.802,0.872,
Blow a Bag,Future,0.793,0.607,
Ain't got nobody,SÃ,0.846,0.472,
I Want'a Do Something Freaky To You,Leon Haywood,0.575,0.641,
I Got a Feeling,Shit Robot,0.787,0.916,
Standard,Empress Of,0.614,0.575,
What I Might Do - Club Mix,Ben Pearce,0.835,0.481,
Let's Lovedance Tonight - Danny Krivit Re-edit - Original Disco Version,Gary's Gang,0.696,0.852,
Do You Love Me,The Contours,0.597,0.71,
Too Bad I Have To Destroy You Now,Kid Cudi,0.609,0.664,
Louie Louie,The Sonics,0.571,0.839,
Heart Full of Soul,The Yardbirds,0.494,0.666,
For Your Love,The Yardbirds,0.347,0.638,
Sunshine Of Your Love,Cream,0.684,0.486,
Taifa - The Emperor Machine Mix,Partial Arts,0.787,0.679,
Taifa,Partial Arts,0.696,0.643,
Make It,Patrick Di Stefano,0.894,0.676,
Face It,Master C & J,0.81,0.547,
Mary-Mary (M&M Unreleased Mix) [feat. Dajae],Grand High Priest,0.739,0.878,
Supernature - Edit,Cerrone,0.641,0.954,
I'll Be Good,Rene & Angela,0.829,0.65,
Defected In The House Ibiza 2013 Mixtape,Simon Dunmore,0.777,0.671,
"A Day In The Life - feat. RZA, The Mars Volta & AG + Good Hygiene feat. Tim Meadows Amended CD Version",Handsome Boy Modeling School,0.567,0.851,
Episode I - Duel of The Fates,John Williams,0.44,0.433,
Three Cool Cats,The Coasters,0.745,0.544,
Mercy,The Third Degree,0.616,0.943,
Do I Love You?,The Ronettes,0.462,0.714,
Night on Bald Mountain,Modest Mussorgsky,0.334,0.265,
Akue We Non Houme - Jerk Fon,T. P. Orchestre Poly-Rythmo,0.686,0.61,
Ecoute ma mÃ©lodie - Bossa Afro,T. P. Orchestre Poly-Rythmo,0.691,0.714,
Ole,The Funkees,0.592,0.688,
Greetings,Joni Haastrup,0.653,0.875,
5thep,Todd Osborn,0.86,0.857,
Cavern,Liquid Liquid,0.682,0.78,
Your Love,Mick Jenkins,0.703,0.464,
Sleepwalk,Santo & Johnny,0.444,0.412,
What I Might Do - Kilter Remix,Ben Pearce,0.476,0.571,
Waiting Around For Grace,Pond,0.313,0.872,
Nobodys Fool - Ben Pearce Remix,Real Connoisseur,0.636,0.864,
Smoke On The Water,Deep Purple,0.632,0.586,
Able to See Me,Hippie Sabotage,0.43,0.734,
Oogum Boogum Song,Brenton Wood,0.833,0.684,
The Gaudy Side of Town,Gayngs,0.688,0.421,
The Walker,Gayngs,0.438,0.404,
Ultimate Painting,Ultimate Painting,0.789,0.698,
Agorinha,Sango,0.819,0.671,
I'm Glad,Captain Beefheart & His Magic Band,0.366,0.407,
Apollo Throwdown (Star Slinger Remix),The Go! Team,0.71,0.959,
Boys Life,Small Black,0.582,0.734,
Dirt And Grime,Fathers Children,0.545,0.507,
Pedestrian at Best,Courtney Barnett,0.479,0.854,
Middle,DJ Snake,0.564,0.737,
Something About You - Extended Mix,Hayden James,0.89,0.52,
Only You,Mac Demarco,0.363,0.755,
The One,ZHU,0.867,0.669,
Way Down We Go,Kaleo,0.59,0.578,
Deeper Than Love,Colleen Green,0.832,0.496,
Back Pocket,Vulfpeck,0.839,0.585,
All I Wanna Do,The Beach Boys,0.447,0.416,
Water,Jamaican Queens,0.598,0.657,
You,Ejeca,0.643,0.889,
Voodoo Ray - Danny Tenaglia Remix,A Guy Called Gerald,0.746,0.613,
Jack,Breach,0.906,0.648,
Jack,Breach,0.907,0.616,
Mary Jane (Jamie Xx - Girl Remix),Jamie xx,0.578,0.633,
Chunky - Club Mix,Format:B,0.808,0.916,
One Who Lost,DJ Dodger Stadium,0.745,0.894,
Delorean Dynamite,Todd Terje,0.634,0.858,
Do You Want a Man - Heaven & Hell Remix,William Onyeabor,0.603,0.921,
Celebrando,CLUBZ,0.587,0.841,
No Eyes (Radio Edit),Claptone,0.93,0.483,
Fanfare,Magic City Hippies,0.585,0.62,
Dorothy,Polo & Pan,0.803,0.427,
Long Cool Woman (In A Black Dress) - 1999 Remastered Version,The Hollies,0.757,0.868,
Bang A Gong [Get It On] (Remastered Single/LP Version),T. Rex,0.729,0.818,
Paris Groove (Original Mix),Boston Bun,0.76,0.669,
Nothing,HNNY,0.79,0.427,
Hey DJ,Worlds Famous Supreme Team,0.786,0.963,
Tighten Up - Pt. 1,Archie Bell & The Drells,0.708,0.441,
Ohye Atar Gyan,Ebo Taylor,0.729,0.666,
Heaven,Ebo Taylor,0.76,0.636,
I'm Walkin' - 2002 Digital Remaster,Fats Domino,0.661,0.76,
"Bizarre Love Triangle - Shep Pettibone 12"" Remix",New Order,0.704,0.895,
Dreams Never End - 2015 Remastered Version,New Order,0.606,0.913,
Plastic - Extended Mix,New Order,0.587,0.915,
You Are the Right One,Sports,0.66,0.591,
Let Me Try,Kaleidoscope,0.34,0.454,
Thinking of You,Lord Echo,0.723,0.755,
Just Say The Word,Jerry Townes,0.285,0.512,
Obi Agye Me Dofo,Vis Ã  Vis,0.63,0.862,
I'm Going Down,Rose Royce,0.418,0.0962,
Said So What,French Kicks,0.529,0.571,
Carl Sagan,Night Moves,0.465,0.727,
Muzik Xpress,X-Press 2,0.69,0.911,
A Hundred Ropes,Minor Victories,0.449,0.962,
No Woman,Whitney,0.582,0.401,
Episode I - Duel of The Fates,John Williams,0.44,0.433,
Giant,The The,0.669,0.904,
Hush,Magic City Hippies,0.622,0.752,
Desire,DILLY DALLY,0.286,0.704,
Shut Up Kiss Me,Angel Olsen,0.373,0.63,
No Heart,21 Savage,0.906,0.444,
We Want Some Pussy,Ezale,0.789,0.682,
We Out Here,Ezale,0.822,0.863,
By Design,Kid Cudi,0.756,0.853,
Aloha,Chris Bear,0.555,0.759,
Bad and Boujee (feat. Lil Uzi Vert),Migos,0.897,0.661,
The Winner Is - from Little Miss Sunshine,DeVotchKa,0.654,0.499,
Virile,The Blaze,0.679,0.462,
Let Me Tell U,Jimmy Edgar,0.804,0.64,
Wonky Bassline Disco Banger,Red Rack'Em,0.815,0.459,
Remember,Gino Soccio,0.499,0.506,
Anti Social Tendencies,The Parallax Corporation,0.84,0.918,
What Time Is Love (Live at SSL mix),Lifelike,0.816,0.747,
The Spirit Blossoms All Over the Land,Onra,0.646,0.757,
On the Lips,Frankie Cosmos,0.658,0.568,
Stripper,Fancy Fux,0.865,0.603,
Operator (Ring Ring) ft. Dances With White Girls,Chris Lake,0.754,0.968,
Big Jet Plane - Animal Trainer Remix,Jan Blomqvist,0.89,0.443,
Fight,Nicolas Jaar,0.731,0.638,
Bambi,Jidenna,0.748,0.623,
Raindrops,The Silvertones,0.744,0.555,
Truths & Rights,Johnny Osbourne,0.77,0.409,
Smoke,Ohio Players,0.663,0.602,
You Are My Special Angel,The Vogues,0.236,0.706,
Just A Little Lovin',Dusty Springfield,0.354,0.366,
Unchained Melody,The Righteous Brothers,0.367,0.215,
Howl,Florence + The Machine,0.58,0.859,
For Free,DJ Khaled,0.916,0.571,
Mystery Of Love,Mr. Fingers,0.767,0.686,
Hung Over,The Martini's,0.864,0.552,
"Bold Soul Sister, Bold Soul Brother - USDEA0400901",The Black On White Affair,0.457,0.909,
Cane Shuga,Glass Animals,0.785,0.796,
Queen,Perfume Genius,0.418,0.547,
Get Lucky,Daft Punk,0.81,0.793,
Bugatti,Ace Hood,0.588,0.596,
Versace,Migos,0.841,0.729,
Black Skinhead,Kanye West,0.775,0.823,
Type of Way,Rich Homie Quan,0.85,0.509,
Recover,CHVRCHES,0.413,0.633,
Bitter Rivals,Sleigh Bells,0.76,0.79,
Gonna Die,Autre Ne Veut,0.409,0.532,
Angels,The xx,0.342,0.159,
GOT IT GOOD,KAYTRANADA,0.606,0.503,
I Got U,Duke Dumont,0.647,0.762,
Something About You - ODESZA Remix,Hayden James,0.709,0.669,
Oblivion,The Seshen,0.378,0.572,
Distant Heart,The Seshen,0.555,0.699,
Finally Moving,Pretty Lights,0.735,0.555,
Want My Love,Cathedrals,0.607,0.435,
Myth,Beach House,0.448,0.733,
Weary,Solange,0.507,0.466,
Treat Me Like Fire,LION BABE,0.667,0.658,
Something About You,Hayden James,0.855,0.605,
Let It Happen - Soulwax Remix,Tame Impala,0.739,0.848,
Hood Pass Intact,DÃ¢m-Funk,0.833,0.663,
Let's Dance (Single Version) [2002 Remastered Version],David Bowie,0.654,0.641,
Ode To Viceroy,Mac Demarco,0.514,0.632,
Five Seconds,Twin Shadow,0.468,0.88,
No Sleep Till Brooklyn,Beastie Boys,0.756,0.415,
F**kin' Problems,A$AP Rocky,0.869,0.687,
Swerve... the reeping of all that is worthwhile (Noir not withstanding),Shabazz Palaces,0.709,0.412,
Never Saw The Point,Cults,0.521,0.851,
212,Azealia Banks,0.858,0.789,
Forgiven/Forgotten,Angel Olsen,0.566,0.869,
All My Friends,LCD Soundsystem,0.701,0.788,
Lay Up,Future,0.772,0.612,
Father Stretch My Hands Pt. 1,Kanye West,0.714,0.566,
Big For Your Boots,Stormzy,0.515,0.902,
No Security,Skepta,0.859,0.624,
Fam,Saskilla,0.709,0.797,
Mr Skeng,Stormzy,0.699,0.724,
Beauty and the Beast,Bugzy Malone,0.497,0.734,
I Win,Lethal Bizzle,0.832,0.854,
Plottin,J HUS,0.88,0.697,
M.E.N,Bugzy Malone,0.506,0.43,
Cold,Stormzy,0.732,0.974,
Toothache,Jaykae,0.539,0.74,
Coward,Chip,0.494,0.78,
3 Wheel-ups (feat. Wiley & Giggs),Kano,0.545,0.904,
T On the Wing,President T,0.739,0.665,
Bad Boys (feat. Ghetts and J Hus),Stormzy,0.603,0.64,
Thiago Silva,Dave,0.667,0.673,
And Dat (Ft. Stormzy),Bonkaz,0.561,0.588,
6 In The Morning,Wiley,0.812,0.937,
Skepta Interlude,Drake,0.745,0.822,
Man Don't Care,Jme,0.673,0.922,
Luke Cage,AJ Tracey,0.794,0.801,
Shutdown,Skepta,0.575,0.723,
My Old Man,Zac Brown Band,0.64,0.196,
Losing Sleep,Chris Young,0.587,0.628,
Sleep Without You,Brett Young,0.631,0.716,
Yeah Boy,Kelsea Ballerini,0.589,0.809,
Craving You,Thomas Rhett,0.612,0.841,
More Girls Like You,Kip Moore,0.553,0.743,
Heart Break,Lady Antebellum,0.548,0.877,
Cut Your Groove,Charlie Worsham,0.528,0.842,
Black,Dierks Bentley,0.663,0.656,
The Weekend,Brantley Gilbert,0.53,0.809,
Reasons,Jillian Jacqueline,0.525,0.657,
Small Town Boy,Dustin Lynch,0.553,0.747,
Yours If You Want It,Rascal Flatts,0.533,0.91,
Roots,Zac Brown Band,0.726,0.595,
Sunday Morning,Parmalee,0.584,0.716,
Hurricane,Luke Combs,0.443,0.804,
Think A Little Less,Michael Ray,0.521,0.805,
Speak to a Girl,Tim McGraw,0.476,0.527,
Man Enough Now,Chris Bandi,0.591,0.577,
If I Told You,Darius Rucker,0.5,0.622,
Happy People,Little Big Town,0.674,0.706,
All On Me,Devin Dawson,0.631,0.658,
Somethin' I'm Good At,Brett Eldredge,0.562,0.94,
I Could Use a Love Song,Maren Morris,0.638,0.634,
Zac Brown Band - Hot Country,Various Artists,0.409,0.645,
Trying To Drive,Zac Brown Band,0.434,0.664,
"God, Your Mama, And Me",Florida Georgia Line,0.439,0.802,
Real Thing,Zac Brown Band,0.533,0.533,
They Don't Know,Jason Aldean,0.434,0.921,
Every Time I Hear That Song,Blake Shelton,0.523,0.725,
What Ifs,Kane Brown,0.612,0.799,
For Her,Chris Lane,0.51,0.904,
Act Like You Don't,Brooke Eden,0.55,0.774,
In Case You Didn't Know,Brett Young,0.596,0.544,
Two Black X's,Dylan Schneider,0.622,0.745,
You Look Good,Lady Antebellum,0.659,0.926,
Close,Ryan Kinder,0.479,0.86,
Ain't Always Pretty,Logan Mize,0.56,0.78,
Love in a Bar,Ryan Hurd,0.512,0.587,
Family Table,Zac Brown Band,0.403,0.745,
Any Ol' Barstool,Jason Aldean,0.536,0.722,
Dirt On My Boots,Jon Pardi,0.685,0.783,
Just a Phase,Adam Craig,0.71,0.498,
Body Like A Back Road,Sam Hunt,0.731,0.469,
How Not To,Dan + Shay,0.501,0.836,
Tin Man,Miranda Lambert,0.425,0.372,
Blue Tacoma,Russell Dickerson,0.458,0.894,
May We All,Florida Georgia Line,0.488,0.915,
Last Time for Everything,Brad Paisley,0.482,0.739,
Getting Over You,Jackie Lee,0.442,0.784,
Flatliner (feat. Dierks Bentley),Cole Swindell,0.555,0.896,
Like You That Way,Canaan Smith,0.41,0.738,
Hometown Girl,Josh Turner,0.507,0.81,
Star Of The Show,Thomas Rhett,0.69,0.626,
Either Way,Chris Stapleton,0.641,0.0628,
No Such Thing as a Broken Heart,Old Dominion,0.655,0.785,
Thereâ€™s A Girl,Trent Harmon,0.529,0.803,
The Fighter,Keith Urban,0.681,0.845,
Despacito - Remix,Luis Fonsi,0.694,0.815,
Felices los 4,Maluma,0.755,0.789,
SUBEME LA RADIO,Enrique Iglesias,0.684,0.823,
Me RehÃºso,Danny Ocean,0.746,0.794,
El Amante,Nicky Jam,0.683,0.691,
EscÃ¡pate Conmigo,Wisin,0.747,0.864,
Ahora Dice,Chris Jeday,0.706,0.689,
Chantaje,Shakira,0.859,0.756,
Hey Ma (with Pitbull & J Balvin feat. Camila Cabello) - Spanish Version,Pitbull,0.489,0.962,
Sigo ExtraÃ±Ã¡ndote,J Balvin,0.889,0.853,
Otra Vez (feat. J Balvin),Zion & Lennox,0.832,0.772,
La Rompe Corazones,Daddy Yankee,0.685,0.859,
"Sola (Remix) [feat. Daddy Yankee, Wisin, Farruko, Zion & Lennox]",Anuel Aa,0.639,0.869,
Despacito (Featuring Daddy Yankee),Luis Fonsi,0.66,0.786,
ReggaetÃ³n Lento (Bailemos),CNCO,0.761,0.838,
Hey DJ,CNCO,0.792,0.819,
Me Llamas (feat. Maluma) - Remix,Piso 21,0.76,0.838,
Me EnamorÃ©,Shakira,0.711,0.875,
Tu Foto,Ozuna,0.735,0.482,
Vente Pa' Ca,Ricky Martin,0.663,0.92,
Safari,J Balvin,0.508,0.687,
Alguien Robo,Sebastian Yatra,0.745,0.921,
Vacaciones,Wisin,0.772,0.909,
Te Quiero PaÂ´Mi,Don Omar,0.761,0.82,
Ay Mi Dios,IAmChino,0.761,0.829,
Traicionera,Sebastian Yatra,0.776,0.669,
Si TÃº La Ves,Nicky Jam,0.685,0.731,
Lumbra,Cali Y El Dandee,0.724,0.84,
La Bicicleta,Carlos Vives,0.746,0.961,
Bailame,Nacho,0.817,0.869,
Dile Que Tu Me Quieres,Ozuna,0.721,0.687,
Deja vu,Prince Royce,0.732,0.801,
SÃ© Que Te Duele,Alejandro Fernandez,0.682,0.858,
Borro Cassette,Maluma,0.73,0.701,
DUELE EL CORAZON,Enrique Iglesias,0.724,0.904,
Andas En Mi Cabeza,Chino & Nacho,0.68,0.954,
Chillax,Farruko,0.827,0.646,
Hasta el Amanecer,Nicky Jam,0.832,0.608,
Bailame Despacio,Xantos,0.688,0.719,
Shaky Shaky,Daddy Yankee,0.899,0.626,
BesÃ¡ndote,Piso 21,0.724,0.809,
Ando buscando (feat. Piso 21),Carlos Baute,0.712,0.841,
Hula Hoop,Daddy Yankee,0.801,0.822,
QuÃ© Gano OlvidÃ¡ndote - VersiÃ³n Urbana,Reik,0.49,0.894,
Ya Me EnterÃ© (feat. Nicky Jam) - Urban Version,Reik,0.768,0.742,
Mi Tesoro (feat. Nicky Jam),Zion & Lennox,0.725,0.711,
TÃº SÃ,Natalia Lafourcade,0.612,0.57,
Si Me Dices Que Si (feat. Nicky Jam),Cosculluela,0.67,0.679,
Fuego,Juanes,0.779,0.659,
Al Filo de Tu Amor,Carlos Vives,0.712,0.901,
Young And Menace,Fall Out Boy,0.648,0.833,
"Sugar, We're Goin Down",Fall Out Boy,0.499,0.824,
Centuries,Fall Out Boy,0.385,0.866,
My Songs Know What You Did In The Dark (Light Em Up),Fall Out Boy,0.561,0.927,
Immortals,Fall Out Boy,0.613,0.874,
Uma Thurman,Fall Out Boy,0.623,0.956,
"Dance, Dance",Fall Out Boy,0.616,0.961,
"This Ain't A Scene, It's An Arms Race",Fall Out Boy,0.607,0.889,
Bad Liar,Selena Gomez,0.95,0.412,
Despacito - Remix,Luis Fonsi,0.63,0.815,
Thunder,Imagine Dragons,0.608,0.841,
Attention,Charlie Puth,0.774,0.626,
There's Nothing Holdin' Me Back,Shawn Mendes,0.857,0.8,
Quit (feat. Ariana Grande),Cashmere Cat,0.44,0.413,
The Cure,Lady Gaga,0.696,0.503,
First Time,Kygo,0.633,0.592,
No Vacancy,OneRepublic,0.711,0.722,
Most Girls,Hailee Steinfeld,0.76,0.588,
Malibu,Miley Cyrus,0.565,0.782,
Stay (with Alessia Cara),Zedd,0.457,0.627,
1-800-273-8255,Logic,0.622,0.593,
Pretty Girl - Cheat Codes X CADE Remix,Maggie Lindemann,0.703,0.868,
Now Or Never,Halsey,0.66,0.575,
No Promises (feat. Demi Lovato),Cheat Codes,0.741,0.667,
Slow Hands,Niall Horan,0.726,0.429,
Bad Bitch (feat. Ty Dolla $ign),Bebe Rexha,0.656,0.615,
Good Life (with G-Eazy & Kehlani),G-Eazy,0.565,0.771,
The Night We Met,Lord Huron,0.549,0.371,
Rollin,Calvin Harris,0.754,0.762,
Obsession (feat. Jon Bellion),Vice,0.741,0.559,
Whippin (feat. Felix Snow),Kiiara,0.87,0.502,
Symphony,Clean Bandit,0.718,0.609,
Break Up Every Night,The Chainsmokers,0.624,0.806,
Unforgettable,French Montana,0.726,0.769,
HUMBLE.,Kendrick Lamar,0.905,0.596,
do re mi,Blackbear,0.747,0.592,
Swalla (feat. Nicki Minaj & Ty Dolla $ign),Jason Derulo,0.696,0.817,
Whatever It Takes,Imagine Dragons,0.673,0.676,
Touch,Little Mix,0.607,0.718,
Selfish,Future,0.415,0.369,
It Ainâ€™t Me (with Selena Gomez),Kygo,0.648,0.532,
Mama,Jonas Blue,0.747,0.799,
The One,The Chainsmokers,0.76,0.303,
Nights With You,MÃ˜,0.763,0.671,
TG4M,Zara Larsson,0.667,0.648,
Mask Off,Future,0.833,0.434,
Bon AppÃ©tit,Katy Perry,0.803,0.793,
Sign of the Times,Harry Styles,0.516,0.595,
At My Best (feat. Hailee Steinfeld),Machine Gun Kelly,0.532,0.778,
Issues,Julia Michaels,0.704,0.423,
That's What I Like,Bruno Mars,0.853,0.56,
September Song,JP Cooper,0.623,0.656,
Still Got Time,ZAYN,0.748,0.627,
Location,Khalid,0.736,0.449,
Scared to Be Lonely,Martin Garrix,0.584,0.54,
Passionfruit,Drake,0.804,0.459,
Shape of You,Ed Sheeran,0.825,0.652,
Wild Ones (feat. Sia),Flo Rida,0.608,0.86,
Starships,Nicki Minaj,0.748,0.727,
Lollipop,Lil Wayne,0.828,0.433,
Time of Our Lives,Pitbull,0.72,0.802,
Stereo Hearts (feat. Adam Levine),Gym Class Heroes,0.646,0.795,
Glad You Came,The Wanted,0.755,0.838,
Dynamite,Taio Cruz,0.75,0.78,
Clique,JAY Z,0.467,0.564,
Airplanes (feat. Hayley Williams of Paramore),B.o.B,0.66,0.867,
Trumpets,Jason Derulo,0.635,0.691,
Live Your Life - feat. Rihanna,T.I.,0.375,0.862,
Like A G6,Far East Movement,0.352,0.843,
Feel This Moment,Pitbull,0.673,0.758,
Timber,Pitbull,0.581,0.963,
Classic,MKTO,0.72,0.791,
Titanium (feat. Sia),David Guetta,0.599,0.803,
E.T. - feat. Kanye West,Katy Perry,0.62,0.869,
GDFR (feat. Sage The Gemini & Lookas),Flo Rida,0.657,0.827,
"Young, Wild & Free (feat. Bruno Mars)",Snoop Dogg,0.715,0.655,
The Monster,Eminem,0.786,0.857,
TiK ToK,Kesha,0.755,0.832,
Love You Like A Love Song,Selena Gomez & The Scene,0.859,0.697,
Don't You Worry Child (Radio Edit) [feat. John Martin],Swedish House Mafia,0.612,0.84,
Sexy Bitch (feat. Akon) - Featuring Akon;explicit,David Guetta,0.809,0.628,
Somebody,Natalie La Rose,0.842,0.531,
Maps,Maroon 5,0.745,0.714,
Am I Wrong,Nico & Vinz,0.725,0.68,
Umbrella,Rihanna,0.579,0.821,
Counting Stars,OneRepublic,0.663,0.714,
Turn Down for What,DJ Snake,0.818,0.799,
Get Lucky,Daft Punk,0.81,0.793,
A Dustland Fairytale,The Killers,0.441,0.87,
My House,Flo Rida,0.688,0.702,
Best I Ever Had,Drake,0.427,0.861,
Stitches,Shawn Mendes,0.592,0.752,
I Will Never Let You Down,Rita Ora,0.753,0.801,
Do I Wanna Know?,Arctic Monkeys,0.548,0.532,
Cinema - Skrillex Remix,Benny Benassi,0.635,0.983,
Take Care,Drake,0.697,0.527,
Love Song,Sara Bareilles,0.583,0.786,
Blurred Lines,Robin Thicke,0.862,0.608,
Swimming Pools (Drank) - Extended Version,Kendrick Lamar,0.68,0.489,
Beautiful Girls - Radio Disney Version,Sean Kingston,0.772,0.648,
Cool,Gwen Stefani,0.709,0.697,
Canâ€™t Live Without,Hollyn,0.627,0.56,
Glimpse,Kim Walker-Smith,0.567,0.678,
Broken Things,Matthew West,0.547,0.513,
Even If,MercyMe,0.335,0.582,
Home,Chris Tomlin,0.468,0.786,
Nowhere,Sarah Reeves,0.322,0.508,
Hills and Valleys (The Valleys Version),Tauren Wells,0.486,0.331,
Chain Breaker,Zach Williams,0.475,0.672,
Clean,Natalie Grant,0.361,0.236,
I Will,Citizen Way,0.519,0.684,
The Gospel,Ryan Stevenson,0.576,0.686,
Throne Room,Kim Walker-Smith,0.511,0.815,
I Won't Let You Go - Radio Version,Switchfoot,0.526,0.692,
Unfinished,Mandisa,0.621,0.674,
Old Church Choir,Zach Williams,0.673,0.813,
Forgiven,Crowder,0.555,0.663,
Love Wins,Love and Theft,0.534,0.508,
I Have This Hope,Tenth Avenue North,0.422,0.336,
In Awe,Hollyn,0.448,0.412,
Oh My Soul,Casting Crowns,0.331,0.427,
You Redeem - Studio Version,Aaron Shust,0.385,0.663,
Amen,Hunter Hayes,0.447,0.89,
Brand New Life,Colton Dixon,0.619,0.733,
Oceans (Where Feet May Fail) - Radio Version,Hillsong United,0.497,0.604,
O God Forgive Us,for KING & COUNTRY,0.464,0.225,
Death Was Arrested,North Point InsideOut,0.306,0.742,
Back To God,Reba McEntire,0.536,0.711,
Say The Word,Hillsong United,0.429,0.636,
On My Side,Kim Walker-Smith,0.295,0.326,
Bloom,Grayson Reed,0.534,0.933,
Revival,Third Day,0.475,0.92,
Hold It All,Cody Carnes,0.436,0.618,
Lifer,MercyMe,0.704,0.928,
Now,Mallary Hope,0.543,0.944,
Battles,The Afters,0.534,0.862,
Prove Me Wrong,Mandisa,0.227,0.309,
Run the Race,Holly Starr,0.732,0.606,
The Happy Song,Jamie Grace,0.659,0.848,
Find You Here,Ellie Holcomb,0.588,0.58,
Change The World (feat. Hollyn),Derek Minor,0.353,0.87,
Rise,Kim Walker-Smith,0.696,0.713,
Priceless,for KING & COUNTRY,0.529,0.769,
Alive In You - Studio Version,Jesus Culture,0.525,0.657,
What A Beautiful Name,Hillsong Worship,0.423,0.502,
Beloved,Jordan Feliz,0.574,0.802,
There Is a Cloud,Elevation Worship,0.388,0.542,
Rise,Danny Gokey,0.519,0.907,
Fearless,Jasmine Murray,0.688,0.843,
Tears,Matt Hammitt,0.569,0.484,
To Live Is Christ,Sidewalk Prophets,0.547,0.511,
Be The Change,Britt Nicole,0.511,0.831,
Parachute,Joshua Micah,0.676,0.79,
Where You Are (Reimagined),Hillsong Young & Free,0.587,0.791,
The Cause Of Christ,Kari Jobe,0.389,0.525,
King Of The World,Natalie Grant,0.528,0.59,
Come Alive (Dry Bones),Lauren Daigle,0.37,0.723,
Even So Come - Radio Version/Live,Passion,0.301,0.762,
"10,000 Reasons (Bless the Lord) [Radio Version]",Matt Redman,0.459,0.561,
More Than Conquerors (Radio Version),Steven Curtis Chapman,0.545,0.576,
TESTIFY,NEEDTOBREATHE,0.495,0.71,
Great Are You Lord (Radio Mix),one sonic society,0.492,0.656,
Worthy Of Your Name - Studio,Passion,0.401,0.7,
My All In All,Phil Wickham,0.436,0.836,
Love Broke Thru,tobyMac,0.674,0.895,
Magnify,We Are Messengers,0.566,0.766,
The Cross Has The Final Word,Cody Carnes,0.211,0.649,
Eye of the Storm (feat. Gabe Real),Ryan Stevenson,0.305,0.726,
Black Colors,Victim Of Deception,0.237,0.99,
A Darkened Gospel,A Wake in Providence,0.455,0.994,
Soil the Stillborn,Infant Annihilator,0.236,0.981,
No Absolution,Thy Art Is Murder,0.468,0.998,
Hearteater,To The Grave,0.476,0.962,
Shapeless Abomination,Beyond the Extraction,0.226,0.553,
Dirty Waters,Into Oblivion,0.495,0.955,
Defiled,Hive,0.296,0.983,
Negative,FRCTRD,0.474,0.925,
Distorting of Perception,Until We Die,0.406,0.936,
Ruin,Altered Perceptions,0.173,0.927,
Fauxhammer,Black Tongue,0.404,0.989,
Spiteful Nature,I Shall Devour,0.456,0.97,
We Wait,I Declare War,0.242,0.96,
Plague of Immortality (feat. Dean Lamb Of Archspire),Within Destruction,0.472,0.942,
Arrogance,Traitors,0.227,0.921,
Inferiority,Neberu,0.444,0.943,
Senseless Order,Signs of the Swarm,0.17,0.866,
Advent,Shotgun Surgeon,0.276,0.919,
Venomous,Whitechapel,0.401,0.988,
Substance Affliction,Advocates,0.398,0.974,
To Encompass and Eclipse,A Trust Unclean,0.566,0.986,
Rope,Obscure of Acacia,0.39,0.978,
Permanent Intoxication,Mycelia,0.336,0.983,
Tremendous Strain,Science Of Sleep,0.48,0.984,
Of Talons and Teeth,Reaping Asmodeia,0.285,0.989,
Pitchblack,Walking Dead On Broadway,0.428,0.997,
Zerotonin 2,Darknet,0.256,0.98,
False Hope,The Machinist,0.491,0.928,
1208,Extortionist,0.274,0.925,
Plagues,The End At The Beginning,0.217,0.98,
Hear Me Out,Risking It All,0.261,0.863,
Down into the Abyss,Conjonctive,0.517,0.991,
Dance of the Witch,At Rest,0.258,0.905,
New World Slaughter,Iconoclast,0.484,0.98,
FVNERAL MOON,Lorna Shore,0.387,0.967,
Beautiful Agony,Within The Ruins,0.424,0.992,
Ways Of Transfiguration,Buried Side,0.45,0.986,
Black Mammoth,Fit For An Autopsy,0.222,0.985,
Solicitude,Belie My Burial,0.455,0.973,
The Call of Mighty,Crucify Me Gently,0.398,0.955,
Manufactured Existence,Lord of War,0.399,0.877,
Bastard Son,God Of Nothing,0.401,0.921,
The Shaping Sickness,Shadow of Intent,0.209,0.955,
Drown Me in Blood,Carnifex,0.493,0.964,
Inferno,"Above, Below",0.339,0.958,
Debris,Paragon,0.458,0.957,
"I, the Weak",The Voynich Code,0.263,0.896,
American Dream,Chelsea Grin,0.482,0.968,
Temptress,Enterprise Earth,0.379,0.979,
Flag of the Beast,Emmure,0.535,0.974,
Unanswered,Suicide Silence,0.329,0.993,
Be My Valentine (feat. Dickie Allen),Brojob,0.162,0.957,
Prismatic Abyss,Aversions Crown,0.389,0.985,
Right In,Skrillex,0.636,0.802,
Bangarang (feat. Sirah),Skrillex,0.716,0.972,
Breakn' A Sweat,Skrillex,0.596,0.921,
The Devil's Den,Skrillex,0.616,0.946,
Right On Time,Skrillex,0.633,0.926,
Kyoto (feat. Sirah),Skrillex,0.605,0.92,
Skrillex Orchestral Suite By Varien - Bonus Track,Skrillex,0.176,0.479,
Satellite,SALTNPAPER,0.385,0.404,
Nosedive,Dynamic Duo,0.68,0.593,
PIZZA,Oohyo,0.726,0.889,
ì,ë,0.741,0.219,
Stardust,Kevin Oh,0.587,0.554,
Burning youth,Hyukoh,0.321,0.751,
Wi Ing Wi Ing,Hyukoh,0.697,0.692,
Wonder,Standing Egg,0.483,0.524,
I'll Pick You Up,Standing Egg,0.498,0.436,
VAMOS,Oohyo,0.635,0.575,
MWAH,Humming Urban Stereo,0.819,0.677,
Loop,NELL,0.676,0.508,
With Me,Vanilla Acoustic,0.657,0.427,
Monster,PALGOU,0.483,0.747,
What 2 Do,DEAN,0.62,0.529,
For Me,Gyepy,0.751,0.489,
Fallen in Love (Only With You),Jang Beom June,0.767,0.445,
Talk,10cm,0.844,0.32,
Black Out,PALGOU,0.743,0.886,
Sleeping Habits,Donguy,0.54,0.408,
Romance in Seoul,Neon Bunny,0.657,0.536,
Hot and Cold (feat. Yun Cheoljong of 10cm),SunWoo Jung-A,0.549,0.451,
Ki-dult,SBGB,0.762,0.277,
"ì§€ê¸ˆ ì—¬ê¸°, ì",Sentimental Scenery,0.214,0.484,
ë„ˆì™€ì,í”Œëž«í•,0.63,0.684,
I Don't Love You,Urban Zakapa,0.35,0.347,
My eyes,10cm,0.892,0.443,
Zig Zag,Kwon Jin Ah,0.764,0.177,
Cake Love (PROD. BY The Black Skirts),XIA,0.432,0.761,
HOW WAS YOUR DAY,Sugarbowl,0.7,0.425,
ë³€ëª… Shame,DyoN Joo,0.453,0.678,
You Wouldn't Even Know,Flower Soo,0.574,0.51,
ìž¥ê°€ê°ˆ ìˆ˜ ìžˆì,Coffeeboy,0.894,0.161,
Sneakers,Humming Urban Stereo,0.717,0.844,
Dangerous,Clazziquai Project,0.712,0.625,
Night Time Melody,Rude Paper,0.768,0.743,
Reason Why We Have To Break Up,Only U,0.489,0.173,
"Love, Love.",Big Brain,0.597,0.575,
I Don't Want,Jungkey,0.598,0.515,
All in Vain,Mot,0.616,0.387,
ê·€ê°€ Return Home,ì¹´ìš°ì¹©ìŠ¤ The CowChips,0.766,0.602,
ë¬¼ Water,ê¶Œë‚˜ë¬´ Kwon Tree,0.792,0.15,
Summer Night You and I,Standing Egg,0.709,0.29,
Let You Go,Mot,0.679,0.126,
Sooni (I'm your fanatic girl),SunWoo Jung-A,0.581,0.312,
Run,Okdal,0.652,0.512,
Petals on The Wind (Remake Version),Wable,0.73,0.418,
Morning Call - Remix Version,Ibadi,0.719,0.478,
Rub off,Kim Woo-Joo,0.524,0.392,
Don't You Cry For Me,Cobi,0.41,0.648,
Waves - Acoustic,Dean Lewis,0.483,0.199,
Runner,Jon and Roy,0.59,0.568,
No Role Modelz,J. Cole,0.696,0.521,
Wet Dreamz,J. Cole,0.504,0.705,
Neighbors,J. Cole,0.894,0.284,
Deja Vu,J. Cole,0.653,0.409,
G.O.M.D.,J. Cole,0.889,0.393,
Litty (feat. Tory Lanez),Meek Mill,0.592,0.701,
All Eyes On You (feat. Chris Brown & Nicki Minaj),Meek Mill,0.589,0.658,
Froze (feat. Lil Uzi Vert & Nicki Minaj),Meek Mill,0.7,0.693,
Ima Boss - feat. Rick Ross,Meek Mill,0.37,0.87,
Apple of My Eye,Rick Ross,0.523,0.783,
Santorini Greece,Rick Ross,0.434,0.785,
Idols Become Rivals,Rick Ross,0.481,0.716,
Trap Trap Trap,Rick Ross,0.729,0.838,
Dead Presidents,Rick Ross,0.662,0.808,
She On My Dick,Rick Ross,0.541,0.609,
I Think She Like Me,Rick Ross,0.629,0.7,
Powers That Be,Rick Ross,0.501,0.775,
Game Ain't Based On Sympathy,Rick Ross,0.54,0.82,
Humble,Wahlstedt,0.801,0.642,
My Friend,EDX,0.707,0.929,
White Label (Is This Love),Still Young,0.696,0.795,
Home,Marshmello,0.562,0.885,
Front to Back,Buku,0.47,0.863,
Best Thing About,Lex Luca,0.726,0.929,
Flashwind - Radio Edit,Ben Remember,0.984,0.941,
Fuego,Alok,0.72,0.643,
Rose Horizon,Yellow Claw,0.473,0.885,
dance alot,Various Artists,0.466,0.943,
Save You,Wahlstedt,0.614,0.792,
I Want You,Chris Lake,0.775,0.883,
Polaris,deadmau5,0.67,0.792,
Midnight Sun,Dirtcaps,0.549,0.816,
One Life Short,Geoxor,0.715,0.964,
On Our Own (feat. Natalie Major),Showtek,0.466,0.849,
The Wall,Matrix & Futurebound,0.503,0.989,
All I Know,EDX,0.718,0.944,
Freesol (feat. Skyler Stonestreet),Seven Lions,0.443,0.727,
Mantra - Mat Zo Remix,Noisia,0.396,0.821,
Good Life,Kiso,0.597,0.832,
Twinbow,Slushii,0.675,0.929,
Limitless (feat. Sophie Rose),Sam F,0.559,0.854,
Move On Me,Tom & Jame,0.714,0.851,
Wildcard,Mickey Valen,0.531,0.769,
Find You,Wahlstedt,0.738,0.646,
Legacy,Dimitri Vangelis & Wyman,0.587,0.772,
Show You Love,Kato,0.519,0.829,
Make U Love Me,Tujamo,0.718,0.89,
Bassline Riddim,Vato Gonzalez,0.871,0.893,
Light - GOSLO Remix,San Holo,0.641,0.676,
Walk Away,LVNDSCAPE,0.677,0.778,
Touch The Sky,Cedric Gervais,0.633,0.964,
"Afraid, Unafraid",SLUMBERJACK,0.529,0.739,
Make You Mine,Aire Atlantica,0.738,0.818,
Riot Call (feat. Nevve),QUIX,0.303,0.879,
Modern Flame (feat. Yuna),Emmit Fenn,0.617,0.524,
Right Here,Keys N Krates,0.164,0.878,
Chicken Soup,Skrillex,0.823,0.815,
No Sleep,Bougenvilla,0.597,0.952,
Help,Borgore,0.71,0.884,
Waist Time,Diplo,0.715,0.989,
Scared To Be Lonely (Brooks Remix),Martin Garrix,0.604,0.796,
Fuck It All Up (feat. JVZEL),DOLF,0.548,0.811,
After All,Khrebto,0.546,0.737,
Something Just Like This - Don Diablo Remix,The Chainsmokers,0.72,0.746,
The Jam,Kideko,0.68,0.941,
Get What You Give,Felix Cartal,0.626,0.748,
Joyride,Bassjackers,0.723,0.784,
Open,Yellow Claw,0.522,0.86,
I'm the One,DJ Khaled,0.599,0.667,
There's Nothing Holdin' Me Back - NOTD Remix,Shawn Mendes,0.719,0.657,
Bon AppÃ©tit - MUNA Remix,Katy Perry,0.615,0.638,
Hard Times,Paramore,0.695,0.818,
Kiwi,Harry Styles,0.375,0.93,
Issues - Alan Walker Remix,Julia Michaels,0.766,0.771,
Young,The Chainsmokers,0.615,0.564,
That's What I Like - Alan Walker Remix,Bruno Mars,0.692,0.896,
No More Sad Songs (feat. Machine Gun Kelly),Little Mix,0.709,0.782,
Carolina,Harry Styles,0.624,0.673,
High Without Your Love,Loote,0.867,0.487,
Feel Good,Gryffin,0.62,0.713,
1-800-273-8255,Logic,0.629,0.572,
Middle Of The Night,The Vamps,0.61,0.747,
Tuesday (feat. Danelle Sandoval),Burak Yeter,0.841,0.639,
Hunter,Galantis,0.509,0.712,
XO TOUR Llif3,Lil Uzi Vert,0.722,0.614,
Kissing Strangers,DNCE,0.776,0.741,
Ciao Adios,Anne-Marie,0.698,0.882,
Overwhelming,Jon Bellion,0.732,0.629,
Go For Broke (feat. James Arthur),Machine Gun Kelly,0.592,0.763,
Human,Rag'n'Bone Man,0.602,0.707,
Eyes Closed,Halsey,0.568,0.69,
History,Olivia Holt,0.769,0.631,
Calm Down,Skip Marley,0.555,0.645,
Be There,Krewella,0.583,0.729,
Swish Swish,Katy Perry,0.836,0.71,
Confident,Demi Lovato,0.598,0.748,
Cool for the Summer,Demi Lovato,0.585,0.614,
Old Ways,Demi Lovato,0.626,0.695,
For You,Demi Lovato,0.505,0.705,
Stone Cold,Demi Lovato,0.414,0.469,
Kingdom Come,Demi Lovato,0.556,0.802,
Waitin for You,Demi Lovato,0.587,0.659,
Wildfire,Demi Lovato,0.628,0.694,
I'll Let You Know,David Hazeltine,0.442,0.124,
I'll Wait And Pray,John Coltrane,0.475,0.0588,
The Shadow of Your Smile,Scott Hamilton,0.487,0.135,
"Vid FrÃ¶sÃ¶ kyrka (At FrÃ¶sÃ¶ Church) - From FrÃ¶sÃ¶blomster (FrÃ¶sÃ¶ Flowers) (arr. J. Ekberg, P.V. Johansson and L. Simonsson)",Trio X of Sweden,0.535,0.107,
Jackie Gets Out,Terence Blanchard,0.349,0.227,
Romance / Hommage Ã  Milhaud,Enrico Pieranunzi,0.428,0.187,
Leave Me Here,Triosence,0.456,0.257,
Where We Used To Live,EsbjÃ¶rn Svensson Trio,0.421,0.0867,
Mommy's Shawl,Yelena Eckemoff,0.34,0.237,
For Wee Folks,Joey Alexander,0.478,0.0757,
All I See is Us,Sassy Players,0.46,0.141,
Goodbye Pork Pie Hat,Charles Mingus,0.356,0.0937,
Ballad for MC,Grace Kelly,0.385,0.0562,
Soul in Twilight,John Moulder,0.4,0.144,
So Lovely,Ben Wolfe,0.296,0.0709,
The Sweetest Nighlife,Ellie & The Bunch,0.425,0.136,
I Got It Bad,Enrico Pieranunzi,0.479,0.146,
Gramercy Sunset,The Hot Sardines,0.466,0.0753,
I'm a Fool to Want You,Passport Quartet,0.371,0.0295,
"I Was So Young, and You Were So Beautiful",Bill Charlap,0.317,0.0302,
Journey Into Melody - 2007 Digital Remaster,Stanley Turrentine,0.505,0.159,
I'm Glad There Is You,Bill Mobley,0.55,0.249,
Blue Ballad,Phil Woods,0.47,0.156,
The Nearness of You,Joshua Redman,0.447,0.163,
It Never Entered my Mind,Mulgrew Miller,0.445,0.223,
Blue in Green,Miles Davis,0.421,0.0161,
Where or When,Wynton Marsalis,0.326,0.0575,
Count Your Blessings,Seamus Blake,0.446,0.242,
Good Morning Heartache,Scott Hamilton,0.526,0.17,
Two Sleepy People,Marcus Gilmore,0.445,0.0978,
Can't Help Loving,Beegie Adair,0.533,0.148,
The Nearness Of You,Bill Charlap,0.383,0.131,
When Sunny Gets Blue,McCoy Tyner,0.569,0.117,
Blue and Sentimental,Julian Dash,0.484,0.0291,
Almas vaggvisa,Jan Lundgren Trio,0.388,0.0354,
Before It's Time To Say Goodbye,Kenny Garrett,0.364,0.114,
Autumn Nocturne,Lou Donaldson,0.539,0.0678,
Eleanor,Hank Jones,0.45,0.0437,
Angel Eyes,"Tommy Flanagan, Ron Carter & Tony Williams",0.386,0.125,
Good Morning.Goodbye,Dan Cray Trio,0.42,0.105,
Doubts 2,Ibrahim Maalouf,0.428,0.212,
The Last Goodbye,Nicholas Payton,0.32,0.156,
Where Do You Start,Brad Mehldau Trio,0.411,0.0416,
The Man I Love,Marcus Roberts,0.52,0.0748,
Gary's Theme - Remastered,Bill Evans,0.42,0.0802,
Trust,Roy Hargrove,0.399,0.307,
The Folks Who Live on the Hill,Joshua Redman,0.428,0.3,
All The Way,Bob Berg,0.423,0.158,
Emperor Jones - Instrumental,Joe Lovano,0.336,0.328,
Isadora,Christian Scott,0.257,0.216,
I Remember Clifford,Lee Morgan,0.368,0.14,
Sous le Ciel de Paris,Jacky Terrasson,0.323,0.118,
You Go To My Head,Art Pepper,0.575,0.0935,
Gloomy Sunday,Branford Marsalis,0.421,0.0967,
I Didn't Know About You,Johnny Hodges,0.358,0.16,
I Have Dreamed,Christian McBride,0.331,0.0861,
Fools Rush In,Teddy Wilson,0.633,0.12,
Dreamsville,David Halliday,0.461,0.0389,
Old Folks,Xavier Davis,0.458,0.217,
I Got It Bad And That Ain't Good,Oscar Peterson Trio,0.448,0.0532,
My Romance,Gene Ammons,0.509,0.0461,
The Peacocks,Anthony Wonsey Trio,0.386,0.148,
A Nightingale Sang In Berkeley Square,Stan Getz,0.407,0.106,
A Hundred Dreams from Now,Ray Bryant,0.384,0.0544,
My Little Brown Book,Duke Ellington,0.514,0.0814,
Moving On and Getting Over,John Mayer,0.848,0.465,
Safe,Bay Ledges,0.736,0.616,
Second Nature,Stalking Gia,0.865,0.548,
The Best Crew,Tep No,0.677,0.738,
Hideout,Parcels,0.784,0.587,
No Le Digas Que Hacer,Karina Vismara,0.534,0.582,
Peas Pudding Hot,The Kids Band,0.876,0.301,
Biscuits in the Oven,Raffi,0.718,0.315,
Jelly Beans,The Hipwaders,0.498,0.721,
My Favorite Snack,Imagination Movers,0.89,0.891,
Curse of the Spinach,Trout Fishing in America,0.603,0.355,
Mosquito Burrito,Roger Day,0.567,0.436,
C'mon Let's Make A Pizza,We Kids Rock,0.554,0.844,
Jelly On A Plate,The Kids Band,0.873,0.511,
Little Green Apple,Tumble Tots,0.941,0.256,
Always Chew Your Food,Trout Fishing in America,0.802,0.288,
"Icy, Creamy Ice Cream",Barney,0.693,0.578,
"Lyric Pieces, Book I Op. 12: I. Arietta",Edvard Grieg,0.471,0.0148,
"String Quartet No. 4 in C Major, D. 46: II. Andante con moto",Franz Schubert,0.277,0.0156,
"8 FantasiestÃ¼cke, Op.12 : 1. Des Abends",Robert Schumann,0.333,0.0288,
"String Quartet No. 5 in C Major, Op. 29, ""Serenade"": II. Ballata: Allegretto scherzando",Wilhelm Stenhammar,0.338,0.0539,
"Piano Quartet in E flat, Op.47: 3. Andante cantabile",Robert Schumann,0.156,0.023,
"Piano Sonata No. 18 in G Major, Op. 78, D. 894: IV. Allegretto",Franz Schubert,0.294,0.142,
"Trio Sonata in G Major, Wq. 144: I. Adagio",Carl Philipp Emanuel Bach,0.152,0.0626,
"Trio No. 2 en Mi Mineur, Op. 92: III. Andante con moto",Camille Saint-SaÃ«ns,0.236,0.0632,
"String Quintet in C Major, Op. 29: II. Adagio molto espressivo",Ludwig van Beethoven,0.173,0.0619,
Viola Sonata in C Minor: III. Andante con variazioni,Felix Mendelssohn,0.295,0.0918,
Magic City,Wahlstedt,0.757,0.867,
Livin' 4 Ya,MOTi,0.514,0.862,
Last Chance,Kaskade,0.412,0.83,
Nite Time - Ruby & Tony Radio Edit,George Acosta,0.654,0.728,
Satellites,DubVision,0.638,0.828,
Can't Take It,Breathe Carolina,0.591,0.881,
All Aloud,Adrian Lux,0.624,0.732,
Close,IZECOLD,0.369,0.801,
Cascade - Original Mix,Tommy Trash,0.704,0.962,
Waiting,Dash Berlin,0.48,0.878,
Everytime We Touch,David Guetta - SÃ©bastian Ingrosso - Joachim Garraud - Chris Willis - Steve Angello,0.707,0.471,
Milky Way,Madison Mars,0.623,0.975,
You,Galantis,0.184,0.871,
La Tromba Risin' (feat. Tasita D'Mour),Chris Lake,0.691,0.951,
Crash 2.0 (Adventure Club vs. DallasK),Adventure Club,0.66,0.652,
Raven,John DahlbÃ¤ck,0.569,0.896,
Icarus - Black Caviar Remix,R3hab,0.798,0.809,
Wasted Love (feat. Dougy),Steve Angello,0.539,0.936,
Summer,Marshmello,0.583,0.748,
Catch Me (feat. Naaz),Flux Pavilion,0.56,0.916,
Save the World - Radio Mix,Swedish House Mafia,0.507,0.665,
"Wild One Two - feat. David Guetta, Nicky Romero & Sia",Jack Back,0.703,0.684,
Fire In Your New Shoes (feat. Martina of Dragonette) - Sultan & Ned Shepard Electric Daisy Remix,Kaskade,0.526,0.861,
Calling (Lose My Mind) - Radio Edit,Sebastian Ingrosso,0.412,0.871,
Language,Porter Robinson,0.737,0.614,
Strobe - Radio Edit,deadmau5,0.649,0.706,
Seek Bromance (Avicii Vocal Edit) - Avicii Vocal Edit,Tim Berg,0.49,0.811,
Poison,Martin Garrix,0.502,0.756,
Take Over Control - Radio Edit,Afrojack,0.713,0.81,
Teenage Crime - Axwell & Henrik B Remode,Adrian Lux,0.575,0.913,
Light It Up (feat. Nyla & Fuse ODG) [Remix],Major Lazer,0.747,0.877,
Turn Me Up - ViP Mix,MOTi,0.719,0.81,
Together,Martin Garrix,0.509,0.729,
Whatcha Need,W&W,0.393,0.94,
Levels - Radio Edit,Avicii,0.605,0.873,
Faded,Alan Walker,0.589,0.651,
Move for Me,Kaskade,0.561,0.771,
Turn up the Speakers - Radio Edit,Afrojack,0.692,0.898,
Counting Down The Days - Yotto Edit,Above & Beyond,0.672,0.785,
Summer Dreams,Michael Brun,0.691,0.721,
Changes - Dirty South Remix,Chris Lake Feat. Laura V,0.841,0.673,
Heroes (we could be),Alesso,0.51,0.747,
Everything,R3hab,0.516,0.786,
Lean On (feat. MÃ˜ & DJ Snake),Major Lazer,0.723,0.809,
Starlight - Radio Mix,SOVI,0.568,0.928,
City Of Dreams - Radio Edit,Dirty South,0.476,0.815,
Chords Of Life - Original Mix,Tim Mason,0.605,0.642,
Blackout - Madison Mars Radio Mix,Tritonal,0.605,0.884,
Freak,Friction,0.408,0.849,
Skyscrapers,Daydreamer,0.598,0.534,
Chemicals - Radio Edit,TiÃ«sto,0.529,0.955,
Run Wild - Alternative Edit Mix Cut,Hardwell,0.475,0.838,
Blackout,Pegboard Nerds,0.668,0.977,
Rock The House - Radio Edit,Afrojack,0.69,0.841,
Sweet Memories,CID,0.624,0.923,
Borrowed Lives (feat. NVDES),Pierce Fulton,0.719,0.737,
Concrete Angel (Radio Edit) (feat. Christina Novelli),Gareth Emery,0.631,0.893,
Yebisah,Mark Knight,0.54,0.933,
Otherside,Suyano,0.546,0.772,
Falling Back - Radio Edit,Cosmic Gate,0.608,0.878,
Fireflies,Owl City,0.591,0.649,
Good Time,Owl City,0.559,0.882,
When Can I See You Again?,Owl City,0.631,0.838,
Verge,Owl City,0.55,0.747,
Vanilla Twilight,Owl City,0.581,0.526,
You Make Me Wanna...,Usher,0.761,0.639,
Can't You See,Total,0.715,0.721,
Lost Without U,Robin Thicke,0.67,0.348,
'Till I Collapse,Eminem,0.572,0.853,
$ave Dat Money (feat. Fetty Wap & Rich Homie Quan),Lil Dicky,0.858,0.697,
Calm Down,G-Eazy,0.537,0.624,
Remember The Name (feat. Styles Of Beyond),Fort Minor,0.688,0.835,
Mind Tricks,Bassnectar,0.578,0.909,
Help,Papa Roach,0.507,0.918,
Follow You,Bring Me The Horizon,0.54,0.661,
Snow Cats,AFI,0.231,0.791,
Paranoia,A Day To Remember,0.409,0.992,
Hated,Beartooth,0.458,0.99,
Shock Me,Baroness,0.396,0.912,
The Devil's Bleeding Crown,Volbeat,0.55,0.917,
Go Down in History,Four Year Strong,0.505,0.985,
Serpents,Neck Deep,0.351,0.915,
Black Honey,Thrice,0.442,0.892,
Chop Suey!,System Of A Down,0.42,0.929,
Something To Believe In,Young the Giant,0.623,0.886,
She Hates Me,Puddle Of Mudd,0.585,0.757,
Don't Threaten Me With A Good Time,Panic! At The Disco,0.559,0.895,
Sex on Fire,Kings of Leon,0.542,0.905,
Cold,Maroon 5,0.7,0.714,
It Ain't Me (with Selena Gomez),Kygo,0.64,0.533,
Bring Me the Night,Sam Tsui feat. Kina Grannis,0.393,0.505,
Crush,David Archuleta,0.599,0.677,
Song 2 You,Victorious Cast,0.591,0.866,
L.A. Boyz,Victorious Cast feat. Victoria Justice and Ariana Grande,0.616,0.91,
Faster than Boyz,Victorious Cast,0.593,0.814,
Bad Boys,Victorious Cast,0.581,0.86,
"Too Little, Too Late",JoJo,0.428,0.781,
Fast Car (feat. Kina Grannis),Kina Grannis,0.66,0.255,
In Your Arms,Kina Grannis,0.672,0.396,
Valentine,Kina Grannis,0.862,0.351,
The One You Say Goodnight To,Kina Grannis,0.696,0.439,
Gone,Kina Grannis,0.631,0.591,
Strong Enough,Kina Grannis,0.637,0.507,
Without Me,Kina Grannis,0.546,0.522,
L.A. Story,Sammy Adams,0.593,0.872,
Something About the Sunshine,Anna Margaret,0.688,0.795,
Like Nobody's Around,Big Time Rush,0.586,0.896,
Amazing,Big Time Rush,0.403,0.883,
Boyfriend,Big Time Rush,0.614,0.857,
Worldwide,Big Time Rush,0.531,0.771,
Big Time Rush,Big Time Rush,0.599,0.888,
Popular Song,MIKA,0.644,0.842,
All About Tonight - featuring Cymphonique Miller,How To Rock Cast,0.543,0.852,
Count On You,Big Time Rush,0.638,0.705,
I Know You Know,Big Time Rush,0.437,0.802,
Bring It All to Me,Blaque,0.695,0.579,
Too Close,Next,0.85,0.398,
I'm So Into You,SWV,0.841,0.552,
Don't Let Go (Love),En Vogue,0.618,0.688,
Candy Rain,Soul For Real,0.583,0.681,
Wifey,Next,0.829,0.652,
On Bended Knee,Boyz II Men,0.635,0.53,
Get It On Tonite,Montell Jordan,0.809,0.522,
End Of The Road,Boyz II Men,0.642,0.421,
I'll Make Love To You,Boyz II Men,0.563,0.487,
Water Runs Dry,Boyz II Men,0.578,0.375,
A Song For Mama,Boyz II Men,0.571,0.447,
Together Again,Janet Jackson,0.873,0.591,
Someone To Call My Lover,Janet Jackson,0.729,0.914,
Escapade,Janet Jackson,0.815,0.944,
Bye Bye Bye,*NSYNC,0.571,0.87,
This I Promise You - Radio Edit,*NSYNC,0.55,0.563,
It's Gonna Be Me,*NSYNC,0.647,0.87,
God Must Have Spent a Little More Time on You - Remix,*NSYNC,0.468,0.535,
I Want You Back - Radio Edit,*NSYNC,0.754,0.946,
Pop - Radio Version,*NSYNC,0.841,0.866,
Tearin' up My Heart - Radio Edit,*NSYNC,0.685,0.872,
As Long as You Love Me,Backstreet Boys,0.773,0.801,
Quit Playing Games (With My Heart),Backstreet Boys,0.798,0.862,
I'll Never Break Your Heart,Backstreet Boys,0.527,0.578,
All I Have to Give,Backstreet Boys,0.729,0.561,
The Call,Backstreet Boys,0.697,0.856,
I Want It That Way,Backstreet Boys,0.683,0.687,
Show Me the Meaning of Being Lonely,Backstreet Boys,0.634,0.624,
Shape of My Heart,Backstreet Boys,0.571,0.77,
I'll Be Missing You (feat. 112),Diddy,0.862,0.479,
I Need A Girl (Part One) (feat. Usher & Loon),Diddy,0.66,0.707,
Where the Party At,Jagged Edge,0.596,0.661,
I Wanna Know,Joe,0.725,0.487,
Stay,Ne-Yo,0.651,0.645,
So Sick,Ne-Yo,0.699,0.592,
When You're Mad,Ne-Yo,0.654,0.564,
Sexy Love,Ne-Yo,0.622,0.503,
All My Life,K-Ci & JoJo,0.634,0.528,
Take Me There - Remix,Blackstreet,0.779,0.711,
MMMBop,Hanson,0.686,0.952,
Case Of The Ex (Whatcha Gonna Do),MÃ½a,0.78,0.69,
My Love Is Like...Wo - Main Mix/Album Version,MÃ½a,0.833,0.677,
Angel of Mine - Radio Mix,Monica,0.592,0.562,
For You I Will,Monica,0.652,0.473,
Two Wrongs,Wyclef Jean,0.621,0.579,
Take Me As I Am,Wyclef Jean,0.685,0.784,
Sweetest Girl (Dollar Bill),Wyclef Jean,0.733,0.744,
Slow Jam,Usher,0.701,0.457,
Ironic - 2015 Remastered,Alanis Morissette,0.408,0.582,
U Got It Bad,Usher,0.816,0.5,
My Boo,Usher,0.662,0.507,
Don't Love You No More (I'm Sorry),Craig David,0.635,0.54,
Let Me Love You,Mario,0.622,0.593,
Just a Friend 2002 - Radio Edit,Mario,0.538,0.677,
Say My Name,Destiny's Child,0.713,0.678,
"Jumpin', Jumpin'",Destiny's Child,0.771,0.685,
"Independent Women, Pt. I",Destiny's Child,0.73,0.602,
"Bills, Bills, Bills",Destiny's Child,0.845,0.576,
No More (Baby I'ma Do Right),3LW,0.721,0.723,
Summer Is Over feat. Sara Bareilles,Jon McLaughlin,0.518,0.666,
Beautiful Disaster,Jon McLaughlin,0.415,0.661,
Human,Jon McLaughlin,0.319,0.664,
So Close,Jon McLaughlin,0.386,0.248,
In Love With a Girl,Gavin DeGraw,0.439,0.906,
Simple Love Song,Anuhea,0.764,0.348,
Honeymoon Avenue,Ariana Grande,0.685,0.607,
Tattooed Heart,Ariana Grande,0.454,0.521,
Almost Is Never Enough,Nathan Sykes,0.4,0.337,
Perfect Harmony,Rags Cast,0.664,0.32,
Pyramid (feat. Iyaz),Charice,0.562,0.659,
Best Friend,Jason Chen,0.637,0.659,
Over And Over Again,Nathan Sykes,0.47,0.271,
Put Your Arms Around Me,Natasha Bedingfield,0.758,0.699,
Try Everything,Shakira,0.704,0.604,
Starving,Hailee Steinfeld,0.712,0.62,
I Dare You,Bea Miller,0.616,0.709,
Force of Nature,Bea Miller,0.658,0.566,
Perfect Picture,Bea Miller,0.555,0.79,
Tangled Up In Me,Skye Sweetnam,0.51,0.708,
Why Can't I?,Liz Phair,0.487,0.759,
God Is a DJ,P!nk,0.635,0.977,
Save My Soul,JoJo,0.406,0.638,
Mad Love.,JoJo,0.277,0.604,
Secret Love,JoJo,0.776,0.507,
Dear No One,Tori Kelly,0.498,0.586,
First Heartbreak,Tori Kelly,0.657,0.485,
Video,India.Arie,0.652,0.621,
"Beauty and the Beast - From ""Beauty and the Beast""",Ariana Grande,0.494,0.542,
I2I,Tevin Campbell,0.732,0.772,
Confetti Falling,Big Time Rush,0.557,0.796,
You Gotta Be,Des'ree,0.627,0.669,
Can't Blame a Girl for Trying,Sabrina Carpenter,0.616,0.401,
Eyes Wide Open,Sabrina Carpenter,0.586,0.637,
"Wildside - From ""Adventures in Babysitting""",Sofia Carson,0.763,0.569,
Can I Have This Dance,High School Musical Cast,0.539,0.658,
Hold On,Wilson Phillips,0.679,0.657,
Be My Baby,Bea Miller,0.627,0.871,
Photograph (feat. Bea Miller),Boyce Avenue,0.717,0.32,
Closer (feat. Sarah Hyland),Boyce Avenue,0.694,0.472,
"Flashlight (Sweet Life Mix) - From ""Pitch Perfect 2"" Soundtrack",Hailee Steinfeld,0.51,0.602,
From This Moment On,Shania Twain,0.428,0.514,
You're Still The One,Shania Twain,0.551,0.527,
Everywhere,Michelle Branch,0.523,0.828,
Just The Girl,The Click Five,0.571,0.89,
Pieces Of Me,Ashlee Simpson,0.5,0.802,
She Looks So Perfect,5 Seconds of Summer,0.493,0.956,
She's Kinda Hot,5 Seconds of Summer,0.659,0.9,
Billie Jean,Michael Jackson,0.92,0.654,
Beat It - Single Version,Michael Jackson,0.779,0.867,
Black or White - Single Version,Michael Jackson,0.758,0.927,
The Way You Make Me Feel,Michael Jackson,0.608,0.816,
Man In The Mirror,Michael Jackson,0.794,0.798,
P.Y.T. (Pretty Young Thing),Michael Jackson,0.888,0.815,
Ultimate,Lindsay Lohan,0.492,0.797,
If I Were a Boy,BeyoncÃ©,0.632,0.518,
With You,Chris Brown,0.658,0.696,
Forever,Chris Brown,0.672,0.819,
A Thousand Years,Christina Perri,0.421,0.407,
Gave Me Something,Jess Glynne,0.589,0.83,
Hold My Hand,Jess Glynne,0.642,0.823,
"When Will My Life Begin - From ""Tangled""/Soundtrack Version",Mandy Moore,0.677,0.437,
"I See the Light - From ""Tangled""/Soundtrack Version",Mandy Moore,0.24,0.16,
Torn,Natalie Imbruglia,0.575,0.886,
Ain't Nobody,Chaka Khan,0.794,0.891,
Dreams,The Cranberries,0.555,0.63,
I Knew I Loved You,Savage Garden,0.556,0.517,
Un-Break My Heart,Toni Braxton,0.625,0.426,
Breathe Again,Toni Braxton,0.689,0.677,
You're Makin' Me High,Toni Braxton,0.852,0.563,
My Little Secret,Xscape,0.814,0.431,
One Of Those Love Songs,Xscape,0.701,0.383,
Softest Place On Earth,Xscape,0.773,0.309,
The Arms of the One Who Loves You,Xscape,0.657,0.456,
He Wasn't Man Enough,Toni Braxton,0.739,0.947,
Secret Love Song,Little Mix,0.534,0.642,
I Can't Fall in Love Without You,Zara Larsson,0.485,0.332,
Lost Boy,Ruth B.,0.71,0.0565,
Yesterday,Atmosphere,0.849,0.531,
Honest,Joseph,0.413,0.439,
When Will I Learn,Kina Grannis,0.513,0.274,
Lady Brain,The Harmaleighs,0.447,0.288,
Cleopatra,The Lumineers,0.546,0.76,
Heavy,Birdtalker,0.614,0.549,
Celeste,Ezra Vine,0.604,0.841,
Don't Say,Lullanas,0.606,0.411,
Like Home,Colin & Caroline,0.661,0.544,
I Know,Sammy Brue,0.644,0.523,
Adventurers,Holley Maher,0.645,0.52,
Back to You,WILD,0.499,0.94,
Memorial Day,The Accidentals,0.52,0.497,
Fire,Majozi,0.655,0.873,
I Keep Ticking On,The Harmaleighs,0.602,0.771,
Automatic,Castro,0.626,0.601,
Ohio - filous Remix,Damien Jurado,0.599,0.699,
I Took A Pill In Ibiza - Seeb Remix,Mike Posner,0.678,0.783,
Bath Salts,Travis Hayes,0.611,0.487,
"Nocturne No.1 In B Flat Minor, Op.9 No.1",FrÃ©dÃ©ric Chopin,0.206,0.0347,
Semi-Charmed Life,Third Eye Blind,0.64,0.864,
Mr. Jones,Counting Crows,0.581,0.817,
Two Princes,Spin Doctors,0.543,0.912,
Save Tonight,Eagle-Eye Cherry,0.547,0.693,
Hey Jealousy,Gin Blossoms,0.464,0.785,
Good,Better Than Ezra,0.615,0.657,
If You Could Only See,Tonic,0.417,0.946,
You Get What You Give,New Radicals,0.618,0.896,
Why I'm Here,Oleander,0.638,0.666,
Lump,The Presidents Of The United States Of America,0.499,0.873,
Someday - Remastered,Sugar Ray,0.743,0.67,
All I Want,Toad The Wet Sprocket,0.6,0.811,
Push,Matchbox Twenty,0.42,0.672,
What's Up?,4 Non Blondes,0.561,0.555,
Absolutely (Story of a Girl) - Radio Mix,Nine Days,0.481,0.94,
Roll To Me,Del Amitri,0.566,0.804,
Hey Leonardo (She Likes Me For Me),Blessid Union Of Souls,0.637,0.846,
Inside Out,Eve 6,0.483,0.818,
Blister in the Sun - 2002 Remastered Version,Violent Femmes,0.701,0.261,
Cannonball,The Breeders,0.498,0.685,
Iris,The Goo Goo Dolls,0.291,0.79,
Into Your Arms,The Lemonheads,0.48,0.891,
Mmm Mmm Mmm Mmm,Crash Test Dummies,0.58,0.575,
Hollaback Girl,Gwen Stefani,0.926,0.916,
SexyBack,Justin Timberlake,0.967,0.583,
I Gotta Feeling,The Black Eyed Peas,0.741,0.748,
...Baby One More Time,Britney Spears,0.757,0.725,
Genie In A Bottle (Album Version),Christina Aguilera,0.618,0.794,
Fantasy,Mariah Carey,0.671,0.727,
No Scrubs,TLC,0.743,0.675,
Drive,Incubus,0.639,0.849,
My Own Worst Enemy,Lit,0.494,0.946,
Wannabe - Radio Edit,Spice Girls,0.768,0.864,
Tearin' up My Heart - Radio Edit,*NSYNC,0.686,0.915,
I Try,Macy Gray,0.593,0.642,
Ironic,Alanis Morissette,0.295,0.593,
Learn to Fly,Foo Fighters,0.439,0.931,
Smooth,Santana,0.609,0.923,
I Want It That Way,Backstreet Boys,0.667,0.728,
Truly Madly Deeply,Savage Garden,0.566,0.705,
(You Drive Me) Crazy,Britney Spears,0.748,0.939,
Pretty Fly (For a White Guy),The Offspring,0.72,0.898,
Everybody (Backstreet's Back) - Radio Edit,Backstreet Boys,0.706,0.893,
Remember the Time,Michael Jackson,0.831,0.921,
Meet Virginia,Train,0.675,0.553,
Last Kiss,Pearl Jam,0.622,0.692,
Jump,Kris Kross,0.749,0.745,
"Girls, Girls, Girls",MÃ¶tley CrÃ¼e,0.6,0.931,
Don't Stop Me Now - Remastered 2011,Queen,0.559,0.868,
Coming Around Again,Carly Simon,0.631,0.363,
Hips Don't Lie,Shakira,0.778,0.824,
Don't Cha,The Pussycat Dolls,0.875,0.631,
Every time we touch,Cascada,0.633,0.976,
Where Is The Love?,The Black Eyed Peas,0.835,0.687,
Don't Stop The Music,Rihanna,0.853,0.676,
Survivor,Destiny's Child,0.514,0.911,
Last Friday Night (T.G.I.F.),Katy Perry,0.649,0.815,
"Whenever, Wherever",Shakira,0.793,0.832,
Poker Face,Lady Gaga,0.851,0.806,
Complicated,Avril Lavigne,0.585,0.776,
Das Lied Der Schluempfe,Vader Abraham,0.658,0.781,
Because We Want To,Billie Piper,0.81,0.885,
Cheeky Song (Touch My Bum),The Cheeky Girls,0.757,0.902,
Agadoo - original,Black Lace,0.618,0.96,
Achy Breaky Heart,Billy Ray Cyrus,0.766,0.725,
Jenny from the Block - Track Masters Remix,Jennifer Lopez,0.845,0.768,
Look At Me,Geri Halliwell,0.64,0.947,
(Everything I Do) I Do It For You,Bryan Adams,0.524,0.429,
Against All Odds (Take a Look at Me Now),Mariah Carey,0.498,0.467,
Anyone Can Fall In Love,Anita Dobson,0.672,0.709,
There's No One Quite Like Grandma - 2003 Remastered Version,St. Winifred's School Choir,0.528,0.271,
Earth Song - Remastered Version,Michael Jackson,0.511,0.453,
The Lady In Red,Chris de Burgh,0.53,0.445,
"My Heart Will Go On (Love Theme from ""Titanic"")",CÃ©line Dion,0.433,0.364,
Can I Touch You...There?,Michael Bolton,0.563,0.847,
Lucky,Britney Spears,0.764,0.811,
Believe,Cher,0.653,0.933,
Macarena,Los Del Rio,0.927,0.721,
Boys,Sabrina,0.85,0.623,
Shaddap You Face,Joe Dolce,0.762,0.705,
Ice Ice Baby,Vanilla Ice,0.959,0.545,
Touch Me (I Want Your Body),Samantha Fox,0.664,0.679,
Grandad,Clive Dunn,0.836,0.395,
Puppy Love,Donny Osmond,0.191,0.664,
Girl You Know It's True,Milli Vanilli,0.771,0.812,
Mysterious Girl,Peter Andre,0.653,0.748,
Every Loser Wins,Nick Berry,0.366,0.363,
MMMBop,Hanson,0.685,0.948,
I'd Do Anything For Love (But I Won't Do That),Meat Loaf,0.423,0.655,
"To Roz Bikini (Itsy, Bitsy, Teenie, Weenie)",Polina,0.687,0.724,
Hoochie Mama,2 LIVE CREW,0.895,0.883,
Rockstar,Nickelback,0.616,0.91,
Miracles,Insane Clown Posse,0.668,0.897,
Fuck You Bitch,Wheeler Walker Jr.,0.549,0.576,
Fog On the Tyne,Lindisfarne,0.615,0.403,
Cha Cha Slide,Mr. C,0.854,0.903,
How You Remind Me - LP Mix,Nickelback,0.446,0.764,
Burn It To The Ground,Nickelback,0.614,0.873,
If Today Was Your Last Day,Nickelback,0.485,0.911,
When We Stand Together,Nickelback,0.446,0.9,
Fuck Kd,StaRR Lyfe,0.947,0.829,
Now I Do What I Want,Lil Zay Poppin,0.466,0.72,
300 Violin Orchestra,Jorge Quintero,0.591,0.75,
Shape of You (Major Lazer Remix) [feat. Nyla & Kranium],Ed Sheeran,0.682,0.812,
Party Monster,The Weeknd,0.585,0.612,
U got 2 believe,Paulo Mendonca,0.616,0.908,
Sah,Al Massrieen,0.682,0.518,
Oh Devil,Electric Guest,0.904,0.517,
Shut Up and Dance,WALK THE MOON,0.578,0.866,
Anna Sun,WALK THE MOON,0.472,0.844,
Work This Body,WALK THE MOON,0.421,0.831,
Tightrope,WALK THE MOON,0.467,0.794,
Different Colors,WALK THE MOON,0.48,0.826,
Avalanche,WALK THE MOON,0.594,0.858,
Jenny,WALK THE MOON,0.544,0.788,
Portugal,WALK THE MOON,0.446,0.881,
Quesadilla,WALK THE MOON,0.551,0.732,
Aquaman,WALK THE MOON,0.63,0.772,
Paris - Pegboard Nerds Remix,The Chainsmokers,0.333,0.913,
Quit You - Wuki Remix,Lost Kings,0.743,0.889,
Don't Let Me Down - Zomboy Remix,The Chainsmokers,0.465,0.953,
Faded - Slushii Remix,Alan Walker,0.68,0.725,
Can't Get Enough - Pegboard Nerds Remix,Tommie Sunshine,0.619,0.949,
Light - Loosid Remix,San Holo,0.52,0.809,
Something Just Like This - ARMNHMR Remix,The Chainsmokers,0.484,0.609,
Without U,Steve Aoki,0.583,0.891,
Hold Up,Borgeous,0.562,0.96,
Phone Down - Dodge & Fuski Remix,Lost Kings,0.595,0.975,
Spoon Me - Slushii Remix,Elliphant,0.526,0.825,
Scared To Be Lonely (Conro Remix),Martin Garrix,0.501,0.683,
Let It Go - Scott Melker & Mister Gray Remix,NERVO,0.639,0.978,
"Call On Me - EDWYNN X TIKAL, Spirix Remix",Starley,0.646,0.714,
Aamon,Kuuro,0.595,0.837,
Hey Baby - Steve Aoki Remix,Dimitri Vegas & Like Mike,0.624,0.971,
Brightside - Borgeous Remix,Icona Pop,0.528,0.879,
Like A Bitch - Kill The Noise Remix,Kill The Noise,0.584,0.932,
Candy,Dillon Francis,0.894,0.892,
Habit - Dack Janiels & Wenzday Remix,Rain Man,0.637,0.935,
First Contact,Twin Moons,0.557,0.992,
I Wanna Get Better,Bleachers,0.446,0.915,